代號,名稱,市場,產業別,一年(β),市值(億),成立年數,近3年平均ROE(%),近3年加權平均ROE(%),最新單季ROE(%),PER,累月營收年增(%),最新季度負債總額佔比(%),現金股利連配次數,成交價現金殖利率,一年(σ年),僑外投資持股(%),本國法人持股(%),最新近4Q每股自由金流(元)
1240,茂生農經,櫃,農業科技業,-0.09,26,58.6,6.66,8.9,3.63,11.9,-5.43,31,9,4.59,23.2,3.79,20.4,4.85
1259,安心,櫃,觀光餐旅,0.38,18.9,34.8,5.17,4.59,0.91,65.4,-1.04,62.5,15,2.06,23.9,26.2,49,1.45
1264,德麥,櫃,食品工業,0.27,111,36.2,21.1,21.3,5.49,14.4,0.75,27.1,12,4.83,15.9,1.54,13.1,14.4
1268,漢來美食,櫃,觀光餐旅,0.53,66.1,22.7,14,16.1,3.24,15.7,5.08,68.9,10,4.79,19.2,1.28,79.4,15
1294,漢田生技,櫃,食品工業,,25.6,17.9,30,30.1,4.74,17.2,-9.26,33.3,3,3.79,,0.28,28.9,6.18
1295,生合,櫃,食品工業,,46.2,25.3,13.2,14.3,5.58,23.8,2.27,55.5,4,2.61,,2.1,29,-11.6
1336,台翰,櫃,電子零組件業,1.08,13.6,38.1,8.19,8.04,-0.26,11.5,1.56,42.3,8,5.4,40.1,6.05,42.8,-2.46
1565,精華,櫃,生技醫療業,0.77,71.6,39,12.4,11.6,0.46,11.5,-1.85,21.4,22,6.69,31.2,17.4,11.8,13.2
1569,濱川,櫃,電腦及週邊設備業,1.25,74.1,42.5,-0.27,-3.77,-10.4,,13.1,60.6,-1,0,68,3.01,12.8,-4.65
1570,力肯,櫃,電機機械,0.92,13.8,41.7,8.75,8.73,0.01,16.4,-25.3,16.9,10,4.87,32.6,5.73,4.68,0.65
1580,新麥,櫃,電機機械,0.63,68.6,42,19.8,21.3,5.42,10.9,6,35.1,20,6.59,21.4,6.07,14.4,14.1
1584,精剛,櫃,其他業,0.81,58.2,23.4,10.9,10.3,-1.12,92.8,-14.4,36.8,4,2.79,40.8,1.48,28,-6.13
1586,和勤,櫃,電機機械,0.38,29.3,32.9,0.49,0.43,-0.59,,-12.9,51.1,8,1.09,26.4,2.09,12.7,2.17
1591,駿吉-KY,櫃,電機機械,0.96,20.1,15.8,-0.48,-5.3,-5.73,,-46.3,8.72,-2,,50.2,2.8,6.53,-0.68
1593,祺驊,櫃,運動休閒,0.78,11.1,28.5,9.51,7.94,1.85,12.9,10.3,33.9,15,5.76,28.5,5.91,20.2,3.07
1595,川寶,櫃,電子零組件業,1.16,20.8,26.6,3.43,1.81,-2.07,,-13,33.8,17,1.3,63.8,1.53,28.2,2.5
1599,宏佳騰,櫃,電機機械,0.3,22.7,21.7,5.94,4.34,-2.6,30.4,-18.2,31.9,1,1.66,22.6,7.97,40,-1.65
1742,台蠟,櫃,化學工業,0.33,13.6,38.1,-0.07,2.51,-4.02,,-49.9,10,-3,0,22.4,0.28,39.4,17.6
1777,生泰,櫃,生技醫療業,0.65,33.3,42.9,13.8,14.1,0.69,11.1,3.77,18.1,24,7.1,23.9,2.3,48.2,11.9
1781,合世,櫃,生技醫療業,0.64,6.23,28.8,-2.47,-0.58,-10.9,,-45.2,49.1,-11,0,33.9,0.34,3.2,-0.99
1784,訊聯,櫃,生技醫療業,1.05,40.6,25.1,4.27,4.13,0.02,54.6,0.31,26.6,5,0,41.5,3.86,13.6,-8.01
1785,光洋科,櫃,其他電子業,1.16,362,47.1,11.1,11.5,-2.18,30.6,32.8,57.8,7,3.29,40.3,13.1,16.8,0.33
1788,杏昌,櫃,生技醫療業,0.17,61.7,36.6,13.4,12.8,3.3,18.3,3.38,43.1,22,5.05,8.6,10.6,38.7,8.23
1796,金穎生技,櫃,食品工業,0.68,24.4,26.2,7.87,5.45,0.11,,41.5,36.3,-1,0,39.9,0.74,42,-0.02
1799,易威,櫃,生技醫療業,0.86,55.9,27.1,-19.1,-17.8,-7.12,,12.1,45.6,-15,0,61.4,12.3,34.3,0.12
1813,寶利徠,櫃,生技醫療業,0.64,6.53,32,-2.5,-3.27,-7.45,,-0.69,31.2,-1,0,24.6,9.54,16.9,0.16
1815,富喬,櫃,電子零組件業,1.38,352,26.7,-2.67,-2.4,-0.43,130,49.3,49.9,-2,0,61.7,2.92,17.3,-2.53
2035,唐榮,櫃,鋼鐵工業,0.21,100,70.4,-14.7,-17.1,-14.6,,-14.8,83.2,-22,0,20.7,0.07,56.6,-6.75
2061,風青,櫃,電器電纜,1.04,9.93,31,-6.55,-4.68,-8.83,,2.28,45.5,-3,0,39,2.07,13,-0.27
2063,世鎧,櫃,鋼鐵工業,0.6,13.3,33.4,19.8,16.8,0.98,20.6,-13.3,52,17,7.25,27.1,1.37,40.6,-4.05
2064,晉椿,櫃,鋼鐵工業,0.49,9.29,54.4,-1.02,-2.33,-8.16,,-6.68,62,-2,0,27.7,0.09,26.7,2.38
2065,世豐,櫃,鋼鐵工業,0.72,19.6,52.1,16.8,14.7,-4.36,43.5,-13.1,51.3,14,,28,1.2,40.6,-7.25
2066,世德,櫃,電機機械,0.97,28.9,37.6,16.5,15.4,-2.95,32.7,-6.96,44.7,14,0,39.4,10.6,28.8,-0.92
2067,嘉鋼,櫃,電機機械,0.41,3.57,51.4,-21.2,-26.7,-13.1,,3.74,80.9,-6,0,48.5,11.2,36.8,-0.6
2070,精湛,櫃,電機機械,1.28,14.2,31,10,10.4,0.28,21.7,-11.2,38.8,10,2.51,53.6,3.87,28.2,4.33
2073,雄順,櫃,鋼鐵工業,0.38,7.67,15.4,6.17,4.78,-0.45,199,-4.61,40.5,4,2.51,28.1,0.07,37.7,0.45
2221,大甲,櫃,其他業,0.65,12,48.1,15.2,12.1,2,10.8,1.38,34.6,14,4.59,23.8,1.09,1.17,4.77
2230,泰茂,櫃,電機機械,0.83,70.4,34.6,22,23.7,-1.71,58.5,32,31.9,3,0.97,41.6,2.09,17.2,2.29
2235,謚源,櫃,電機機械,0.38,13,38.4,8.85,7.96,-1.31,30,1.59,20.4,14,8.28,27.8,0.13,36.7,2.24
2596,綠意,櫃,建材營造業,0.78,31.6,24.4,2.73,2.82,2.82,15.2,241,57.9,20,3.17,34.3,1.41,49,0.21
2640,大車隊,櫃,數位雲端,0.2,76.2,20,21.4,22.6,6.52,13.8,3.73,50.1,15,5.45,19.2,7.5,51.7,6.38
2641,正德,櫃,航運業,0.91,72.3,27,15.6,11,2.89,11.5,46.2,45.4,4,2.21,37.9,5.12,19.4,-10.4
2643,捷迅,櫃,航運業,0.52,24.5,41.6,20.9,16,0.25,13.5,73.3,38.1,12,6.43,18.6,2.44,20.1,3.49
2718,全心投控,櫃,建材營造業,0.95,51.3,48.5,37.7,52.2,13.9,1.35,-32.2,26.2,2,7.7,43.2,0.54,77.2,30.2
2719,燦星旅,櫃,觀光餐旅,0.95,25.1,22.6,5.26,10.1,-4.25,,-14.7,37.7,-10,0,51.2,0.22,80.9,-4.2
2724,藝舍-KY,櫃,其他業,0.76,11.4,23.7,18.9,28.2,-0.75,5.38,-72.8,11.8,-12,0,45.1,15.1,10.3,0.61
2726,雅茗-KY,櫃,觀光餐旅,0.8,4.61,15.7,-26.2,-10.7,-5.96,,11.7,56.1,-4,0,40.8,31.7,2.57,-5.82
2729,瓦城,櫃,觀光餐旅,0.33,82.3,25,12.3,13.8,2.95,21.5,0.31,59.1,16,4.27,15.1,1.85,17.2,11.7
2732,六角,櫃,觀光餐旅,0.67,33.5,21.6,12.8,12.1,-1.31,41.1,1.3,60.6,13,5.56,24.5,3.75,42.1,0.88
2734,易飛網,櫃,觀光餐旅,0.81,11.9,25.7,-0.73,3.84,-2.37,,-21.6,33.4,-9,0,44.8,3.18,24.6,-0.91
2736,富野,櫃,觀光餐旅,0.88,9.33,17.2,-3.39,-5.45,-3.34,,56.3,40.3,-4,0,39.8,0.61,20.2,-3.17
2740,天蔥,櫃,觀光餐旅,0.67,3.25,18.6,-45.3,-42.6,-24.7,,-39.3,34.2,-9,0,58.8,2.19,65.2,-0.33
2743,山富,櫃,觀光餐旅,1.07,43.6,37.3,21,27.6,-4.55,19.9,-5.51,61.9,2,2.15,47.7,0.97,21.5,14.4
2745,五福,櫃,觀光餐旅,0.97,39,37.1,24.1,36.5,3.72,13.6,14.2,69.5,2,5.63,46.9,1.62,38.8,5.08
2751,王座,櫃,觀光餐旅,0.7,14.5,9.8,29.3,30.7,4.7,16.9,22.4,61.5,2,8.13,28,0.39,64.4,5.21
2752,豆府,櫃,觀光餐旅,0.22,55,17.7,31.3,32.2,7.1,13.9,13.2,44.2,7,6.8,21.4,1.23,61,14.4
2754,亞洲藏壽司,櫃,觀光餐旅,0.62,45.4,11.7,13.3,11.2,2.52,86.5,5.58,67,7,0.83,26.6,69.5,2.27,14.3
2755,揚秦,櫃,觀光餐旅,0.6,47.5,10.1,20,20.7,6.11,19.5,19.9,56,7,2.28,34.9,1.26,50.9,4.34
2756,聯發國際,櫃,觀光餐旅,0.28,24,21.6,22.4,17.8,3.24,46.7,65.6,56.7,7,2.66,36.8,0.19,42.9,5.46
2916,滿心,櫃,居家生活,0.38,30.7,41.3,19.5,19.5,4.09,11.3,3.78,25.5,26,7.58,18.7,21.6,15.9,2.44
2924,宏太-KY,櫃,居家生活,0.4,14.2,16.6,-11.7,-16.5,-2.71,,-75.1,39.4,-8,0,40.6,66.8,13.6,-3.06
2926,誠品生活,櫃,文化創意業,0.32,21.3,20,-13,-8.86,0.51,46.8,2.47,96.4,1,0.44,17.7,1.34,63.8,35.7
2937,集雅社,櫃,居家生活,0.35,18.2,30.9,15.2,14.7,2.57,10.8,13.4,63.8,10,4.79,32,0.58,74.9,1.45
2941,米斯特,櫃,居家生活,0.4,10.7,14.9,20.2,19.3,3.89,24.1,19.2,48.3,3,4.61,37.5,0.85,54.3,3.01
2947,振宇五金,櫃,居家生活,0.37,19.1,17.4,8.04,8,1.58,26.9,6.93,73.4,6,1.22,25.4,0.69,36.7,10.7
2948,寶陞,櫃,居家生活,0.32,12.7,9,14,10.7,1.77,20.9,5.09,54.4,5,4.45,34.9,0.13,71.4,7.88
2949,欣新網,櫃,數位雲端,0.34,21.6,12,16.8,13.2,2.29,19.3,21.7,53.6,3,1.42,34.6,0.04,65.1,-6.76
3064,泰偉,櫃,文化創意業,0.35,6.4,25.1,-41.7,-48.6,-16.2,,-20.2,74.8,-12,0,43.3,0.21,5.51,-1.36
3066,李洲,櫃,光電業,1.18,13,51.3,3.92,2.62,-7.8,,16.6,34.4,-18,0,51.9,0.84,26.1,-0.77
3067,全域,櫃,其他電子業,0.41,3.76,51.8,-0.48,-1.32,-6.69,,-4.23,20.7,-13,0,52.1,0,66.7,-3.53
3071,協禧,櫃,電腦及週邊設備業,1.11,26.7,47.2,9.98,8.78,2.06,25.9,-8.22,53.5,8,3.33,40.8,0.65,52.2,1.71
3073,天方能源,櫃,綠能環保,1.26,16.1,33.9,0.99,0.98,-0.7,22.6,107,61.6,-15,0,60.3,1.4,37.5,-14.7
3078,僑威,櫃,電子零組件業,1.14,184,32,18.9,20,5.71,13.3,34.6,44.1,22,4.95,40.8,19.4,34.8,6.53
3081,聯亞,櫃,通信網路業,1.74,444,28.3,0.35,-1.16,2.53,284,69.8,14.3,12,0.1,73,20,13.6,-0.13
3083,網龍,櫃,文化創意業,0.84,29.3,25.5,1.21,2.45,-0.67,,-24.4,8.78,-12,0,29.7,0.94,49.7,
3085,新零售,櫃,數位雲端,0.54,10.8,31.1,-25.6,-25.5,-2.12,,3.59,19,-17,0,56.1,5.69,78,-4.7
3086,華義,櫃,文化創意業,1.17,37.4,32.1,9,7.75,-5.55,,3.97,9.88,4,0.11,50.6,39.9,36.1,0.74
3088,艾訊,櫃,電腦及週邊設備業,1.19,88.6,35.4,18.1,17.9,-0.6,15.8,3.35,34.2,24,5.26,41,15,29.3,9.06
3093,港建*,櫃,其他電子業,0.97,37.4,48.3,26.2,21.7,3.29,17.3,134,43,25,4.19,41.1,67.8,3.88,1.4
3095,及成,櫃,通信網路業,0.91,2.86,52.5,-27.2,-14.2,-12,,-1.05,86.3,-17,0,53.6,3.15,4.56,-2.19
3105,穩懋,櫃,半導體業,1.28,407,25.9,1.08,0.58,-1.31,,-17.8,38.9,1,1.04,44.2,16.9,7.8,8.17
3114,好德,櫃,電子零組件業,0.76,16,47,9.91,8.5,-1.14,29.9,12.6,41.4,23,4.89,26.4,0.66,18.6,0.27
3115,富榮綱,櫃,電子零組件業,0.26,7.21,33.1,-10.6,-11.6,-2.92,,169,6.6,-19,0,44.3,4.66,33.4,-0.67
3118,進階,櫃,生技醫療業,0.33,10.9,35.8,11.3,11.5,2.62,15.9,1.77,36.9,21,5.34,15.9,0.83,10.3,-4.72
3122,笙泉,櫃,半導體業,1.14,11.8,26.2,-6.1,-8.89,-5.28,,-8.55,39.4,-2,0,48.7,2.88,9.09,3.73
3128,昇銳,櫃,光電業,0.98,15.7,38,9.87,9.5,-0.72,20.3,6.96,65,9,0.59,58.8,1.39,7.04,-5.46
3131,弘塑,櫃,其他電子業,1.26,437,32.4,19.9,19.6,4.8,47,54.9,62.4,17,1.47,57.7,22.4,18.2,36.2
3141,晶宏,櫃,半導體業,1.25,39,26.1,8.82,5.76,-2.1,,8.22,35.5,12,0.99,44.4,7.58,5.64,-7.08
3147,大綜,櫃,資訊服務業,1.24,81,33.9,26.9,28.4,1.28,15.3,92.1,61.8,17,2.7,55.6,1.35,41.9,-1.76
3152,璟德,櫃,通信網路業,1.16,89.4,27.4,9.01,9.71,10.1,12.8,-11.2,19.6,19,4.32,41.7,13.5,34.1,9.97
3162,精確,櫃,電機機械,1.17,70.9,33.8,-0.69,1.37,2.39,22.1,103,68.3,1,0.92,53.8,57,1.66,2.37
3163,波若威,櫃,通信網路業,1.46,180,27.3,19.2,18.2,-0.23,84.5,8.98,28,7,1.35,57,7.47,3.13,2.64
3169,亞信,櫃,半導體業,1.21,64.7,30.4,16.4,14.4,2.39,29.9,12.2,17.9,23,2.93,39.9,2.91,25,1.83
3171,炎洲流通,櫃,居家生活,0.57,19.8,34.8,12.7,12.8,5.24,15.6,18,49.7,9,5.35,30.1,0.38,60.8,16.4
3176,基亞,櫃,生技醫療業,0.77,40.7,25.7,-20,-15.8,-2.11,,28.8,23.5,-26,0,33.4,3.89,15.7,-6.83
3178,公準,櫃,半導體業,1.09,27.9,47.5,14.1,11.3,-2.68,,-4.09,57.8,11,0.81,43.7,1.08,39.9,1.73
3188,鑫龍騰,櫃,建材營造業,0.93,53.5,24.8,11.6,13.4,0.97,22.1,7.39,75.7,7,6.27,38.8,1.02,42.1,-10.4
3191,雲嘉南,櫃,電子零組件業,0.47,5.97,34.4,-12.1,-13.2,-10.4,,3.12,45.6,-13,0,41.3,0.05,3.47,2.03
3205,佰研,櫃,生技醫療業,0.78,34.6,27.5,-12.5,-11.7,-2.11,,-8.18,7.56,-7,0,53.1,10.6,10.3,-16
3206,志豐,櫃,電子零組件業,0.78,20.3,46.2,17.2,16.6,1.65,14.7,-12.6,49.9,21,7.26,25.1,3.11,30.7,4.51
3207,耀勝,櫃,電子零組件業,1.03,48.4,33.7,11.2,5.41,1.57,,15.7,40.3,-1,0,46.9,1.1,13.1,9.16
3211,順達,櫃,電腦及週邊設備業,1.23,539,27.2,15.3,18.6,6.64,28.9,-17.9,47.3,21,3.54,58.5,12.2,8.64,13.8
3213,茂訊,櫃,電腦及週邊設備業,1.13,69.8,35.5,15.4,16.6,0.86,18.9,6.51,26.1,23,5.04,49.3,8.03,6.86,20.8
3217,優群,櫃,電子零組件業,1.08,162,38.1,18.7,19.9,4.68,15.2,25.5,32.4,16,4.9,35.3,9.47,21.9,10.7
3218,大學光,櫃,生技醫療業,0.9,138,31.1,32.6,31.9,1.22,15.6,-0.63,38.6,12,4.6,34,9.6,28.1,2.39
3219,倚強科,櫃,其他電子業,1.29,61.1,33,6.32,4.72,4.59,102,47.7,35.7,4,0.31,74.3,0.65,82.7,-2.01
3221,台嘉碩,櫃,通信網路業,0.94,21.6,27.9,5.16,3.41,-1.77,130,-0.28,30.8,21,4.34,27.5,4.15,6.55,0.75
3224,三顧,櫃,電子通路業,0.63,30.2,27,-5.22,-5.93,-4.21,,6.88,20.5,-17,0,34.2,1.55,22.6,-6.16
3226,龍鋒,櫃,電機機械,0.56,28.5,39,20.2,19.9,-5.09,28,-22.4,30,10,1.13,25.5,0.12,67.3,0.6
3227,原相,櫃,半導體業,1.4,368,27.2,12,13,3.33,18.5,14.6,27.2,22,4.06,50.2,28.2,11.1,15.9
3228,金麗科,櫃,半導體業,1.36,119,28.1,-5.29,-6.99,-7.09,,-37.9,25.6,-2,0,56.2,7.6,1.4,-2.39
3230,錦明,櫃,光電業,1.14,51.6,38.4,-2.65,8.18,-4.43,,-11,24,1,0.59,62.1,0.59,27.4,-0.78
3232,昱捷,櫃,電子通路業,0.69,12.2,37.8,2.1,2.03,-1.95,,-42.8,39.2,8,1.92,33.6,7.95,2.86,2.55
3234,光環,櫃,通信網路業,1.43,40.2,28.1,-31.7,-36.7,-7.18,,21,29.4,-8,0,58.5,3.38,15.5,-0.65
3236,千如,櫃,電子零組件業,0.81,20.4,46.3,5.85,3.22,-1.36,,7.51,53.3,11,1.8,35,10.7,4.79,0.25
3252,海灣,櫃,觀光餐旅,0.39,10.1,31.2,0.02,-0.11,0.07,,-4.32,48.5,-3,0,18.9,6.23,19.7,1.48
3259,鑫創,櫃,半導體業,0.72,16.3,26.8,-36.8,-37.4,-9.05,,8.63,22.7,-15,0,41.2,10.9,9.01,-5.67
3260,威剛,櫃,半導體業,1.03,453,24.4,11.6,13.3,4.66,18.9,18.3,66.2,14,0,35.3,11.7,11.4,2.44
3264,欣銓,櫃,半導體業,1.06,417,25.9,17,15.1,3.1,18.6,1.66,51.2,21,4.71,41.9,18.8,16.9,4.17
3265,台星科,櫃,半導體業,1.21,134,25.4,15,14.4,1.54,19.5,11.5,33.1,20,4.67,38.2,1.73,53,2.81
3268,海德威,櫃,半導體業,0.95,6.34,34.4,3.71,2.2,-8.96,,-5.27,53.4,-2,0,38.9,1.11,9.9,-1.14
3272,東碩,櫃,電腦及週邊設備業,1.03,15.1,32.6,-7.2,-11.6,-6.28,,11.9,76.1,-2,0,41.2,0.54,5.17,-12.5
3276,宇環,櫃,電子零組件業,0.79,10.3,25.7,2.43,0.23,-1.17,92.5,-50.9,40.9,4,0.14,38,0.99,45.4,0.63
3284,太普高,櫃,其他業,1.01,26.4,26.9,9.39,11.8,0.21,12.7,-28.8,50.4,3,3.29,46.4,0.94,40.9,-1.33
3285,微端,櫃,其他電子業,0.47,11.8,30.2,4.23,5.89,-1.63,78.6,-22,31.1,2,3.64,30.5,14,33.6,1.5
3287,廣寰科,櫃,電腦及週邊設備業,1.23,15.1,26.4,10.1,13,-3.24,,14.1,44.4,2,4.35,55.4,0.51,47.9,2.19
3288,點晶,櫃,電子零組件業,0.53,2.61,28.7,-0.04,-1.42,1.61,,1.99,54.2,-17,0,44.7,0.19,4.38,
3289,宜特,櫃,其他電子業,1.25,92.6,31.5,11.5,11.9,2.87,22.3,11.3,59.9,7,0.97,41,12.5,12.8,-0.25
3290,東浦,櫃,電子零組件業,0.92,36.1,30.5,8.63,9.33,0.4,29.9,16,56.9,-1,0,37.2,3.05,30.4,-2.05
3293,鈊象,櫃,文化創意業,0.83,"2,294",35.9,58.5,61,20.2,23.4,22.5,53.5,22,3.56,37,25.1,8.53,31.6
3294,英濟,櫃,電子零組件業,1.29,67.9,33.9,-3.26,-1.54,-3.17,,-18.2,53.6,1,0.74,57.3,6.51,32.2,-1.32
3297,杭特,櫃,光電業,0.86,21.5,36.8,-0.82,-1.08,2.15,426,20.1,20.1,-5,0,70.4,1.01,0.05,3.18
3303,岱稜,櫃,其他電子業,1.14,45.9,35.1,14.3,14.8,3.31,11.6,1.9,44.8,13,5.67,44.4,4.85,14.7,3.35
3306,鼎天,櫃,通信網路業,1.3,28.7,27.7,3.31,3.97,3.07,20.2,11.5,12.4,16,3.7,44.3,2.21,44.4,3.22
3310,佳穎,櫃,電子零組件業,0.71,47.3,37.3,10.8,10.5,0.65,17.7,125,70.5,13,4.48,30.6,0.1,64.4,15.5
3313,斐成,櫃,其他業,0.95,38.4,31.8,-1.59,3.91,-1.56,,-79.8,38.9,-18,0,43,0.2,40.8,-9.24
3317,尼克森,櫃,半導體業,1.14,45.4,27,10.6,8.46,1.54,18.7,13.3,15.5,8,0.79,37.8,4.3,16.6,3.87
3322,建舜電,櫃,電子零組件業,1.15,17.8,48.5,3.33,-0.02,-4.65,,10.3,54.5,-1,0,42.2,2.25,11.6,-0.49
3323,加百裕,櫃,電腦及週邊設備業,1.32,44.9,27.8,-1.8,-3.99,-3.12,,-5.56,48.3,1,1.05,64.3,4.4,6.03,-0.45
3324,雙鴻,櫃,其他電子業,1.35,822,27.1,22.5,22.5,1.76,52.5,30.5,52.7,14,1.12,53.3,10.3,2.74,-13.8
3325,旭品,櫃,電腦及週邊設備業,1.09,18.3,29.4,-6.99,-6.75,-3.11,,-14.4,51.1,-4,0,46.9,1.58,2.24,-1.27
3332,幸康,櫃,電子零組件業,0.55,26,34.6,9.76,8.37,3.1,18.4,25.3,25.6,22,2.04,46.8,0.26,6.29,4.53
3339,泰谷,櫃,光電業,0.92,23.4,25.3,0.31,1.38,-8.41,,31.2,28.5,-14,0,47.2,2.41,14.7,-2.62
3349,寶德,櫃,電腦及週邊設備業,0.87,8.73,28.4,-16.3,-16.5,-7.63,,24.7,44,-3,0,53.2,0.03,43.7,-0.72
3354,律勝,櫃,電子零組件業,1.14,12.4,28.8,-4.54,-4.64,-4.5,,-27,14.4,15,1.13,49.3,0.82,67.5,0.03
3357,臺慶科,櫃,電子零組件業,1.11,134,32.9,11.9,10.9,4.38,14.2,20.8,42.2,15,3.8,34.9,12.9,26.5,-1.63
3360,尚立,櫃,電子通路業,1.05,9.82,40.5,-4.94,-6.28,-2.29,,12.3,69.4,-2,0,40.1,2.57,3.65,-0.09
3362,先進光,櫃,光電業,1.36,165,38.8,13,12,-5.66,,2.53,64.5,3,0.86,46.6,4.17,28.8,-13.4
3363,上詮,櫃,通信網路業,1.54,374,30.3,0.44,-0.46,0.67,,50.4,21.6,-1,0,71.2,14.3,21.4,-1.91
3372,典範,櫃,半導體業,1.01,28.2,27.2,-5.08,-7.45,-4.72,,13.5,16,-2,0,42.5,0.78,36.4,-1.44
3373,熱映,櫃,其他電子業,0.57,9.19,25.2,-1.82,-2.81,-2.74,,0.78,6.88,-1,0,45.6,5.66,1.93,-0.5
3374,精材,櫃,半導體業,1.38,396,27,22.2,20.6,0.71,27.8,-3.3,39.4,5,1.71,48.2,4,41.8,-1.31
3379,彬台,櫃,電機機械,1.4,22.5,44.5,0.48,2.36,0.11,48.4,61.2,66.8,2,1.35,65.3,5.49,21.1,4.52
3388,崇越電,櫃,電子零組件業,0.47,45.9,31.6,7.74,7.14,1.6,15,-2.04,33,22,5.65,16.9,6.95,30.3,7.44
3390,旭軟,櫃,電子零組件業,0.91,15.6,26.9,6.99,7.17,-4.62,,-13.5,24.8,20,5.05,31.4,1.89,16.8,-4.11
3402,漢科,櫃,其他電子業,1.18,96.4,35.1,23.3,23.7,8.39,17.5,-6.85,70.6,11,3.79,41.8,3.08,19.4,12.6
3426,台興,櫃,電機機械,0.52,11,41.3,10.8,11.1,2.67,12.2,-9.74,34.8,11,5.97,26.4,0.4,37.9,-1.47
3430,奇鈦科,櫃,化學工業,1.13,20,27.7,16.8,15.4,0.13,18.4,9.14,30.9,15,4.22,45.1,4.37,12.9,1.5
3434,哲固,櫃,光電業,0.82,12.1,32.4,11.3,11.3,-2.4,39.1,-0.4,40.6,4,1.3,61.2,2.57,23.7,-6.63
3438,類比科,櫃,半導體業,1.14,21.6,26.5,3.6,2.99,-0.45,66.4,9.17,17.1,5,3.28,40.2,2.72,44.6,3.53
3441,聯一光,櫃,光電業,1.15,13.6,41.5,8.01,6.89,-3.06,84.9,26,23.5,9,2.21,42.2,5.04,6.94,3.21
3444,利機,櫃,電子通路業,1.06,27.3,32.4,14,11.6,1.85,27.8,10.6,31.6,22,3.29,40.2,11.9,13.5,6.2
3455,由田,櫃,光電業,1.31,60.2,33.3,17.3,14.5,-3.57,37.6,5.46,42.8,11,4.48,45.1,6.82,8.97,3.5
3465,進泰電子,櫃,其他電子業,0.92,16.7,32.4,6.55,4.3,-4.88,37.8,26.1,58,5,0,46.1,4.5,51.8,-0.23
3466,德晉,櫃,通信網路業,0.87,31,43.5,-13.1,-16.6,0.23,,-71.4,20.3,-5,0,58.6,6.22,39.5,-0.41
3467,台灣精材,櫃,半導體業,,14.6,28,8.15,6.95,0.14,60,-0.16,31.7,2,1.74,,0.79,58.1,-0.72
3479,安勤,櫃,電腦及週邊設備業,1.07,81.3,25.2,19.5,18.4,3.18,15.7,11.2,50.5,18,4.64,36.5,8.72,29.3,-7.7
3483,力致,櫃,電腦及週邊設備業,1.27,113,27.9,15.7,15.8,3.14,23.2,3.55,52.5,19,3.07,43.6,6.42,1.33,4.68
3484,崧騰,櫃,電子零組件業,1.17,40,33.1,9.75,9.13,2.83,12,13.4,42.2,21,4.82,40.1,10.7,5.61,2.71
3489,森寶,櫃,建材營造業,0.98,19.9,34.3,-1.16,-2.55,-0.18,,-37.9,69.1,7,2.28,42,1.04,62.6,8.87
3490,單井,櫃,光電業,1.1,13.5,36.2,6.77,6.4,1.92,,-6.19,33,12,4.07,41.3,1.83,5.19,-0.98
3491,昇達科,櫃,通信網路業,1.28,291,26,15.7,17.4,2.83,56.8,-5.36,39.5,20,1.48,53.2,21.6,13,11.6
3492,長盛,櫃,電子零組件業,1.03,8.4,31.4,7.55,7.64,2.35,13.5,6.53,37,12,4.23,46.4,1.9,37.5,1.23
3498,陽程,櫃,其他電子業,1.32,31.9,44.5,-2.86,-4.69,0.96,,77.7,31.6,-2,0,57.7,5.69,23.5,4.02
3499,環天科,櫃,通信網路業,0.94,8.52,25.4,-2.18,-2.02,-5.86,,-12.8,38.8,-5,0,44.3,0.71,0.03,-1.11
3508,位速,櫃,其他電子業,1.1,26.6,24,-25.3,-25.9,-10.4,,47.9,81.6,-12,0,51.8,1.33,9.38,-1.1
3511,矽瑪,櫃,電子零組件業,1.06,17.6,21.8,1.15,-2.64,-2.5,,9.37,24,-2,0,50.9,5.46,51.4,-0.19
3512,皇龍,櫃,建材營造業,0.56,25.7,33.3,15.2,11.9,-0.68,25.2,21.4,50.1,5,5.29,24.1,0.65,42,-2.36
3516,亞帝歐,櫃,光電業,0.9,11.8,33.8,2.26,1.75,-0.48,104,-21.2,41.3,5,1.27,36.5,1.1,28.9,-0.87
3520,華盈,櫃,電子零組件業,1.1,10.8,39.6,5.45,3.61,-1.45,,13.5,46.7,3,0.64,43.3,2.2,24.9,0.73
3521,鴻翊,櫃,建材營造業,0.64,15.3,39.5,-20.5,-18.8,1.5,,42.2,21.7,-17,0,41.9,0.14,61.7,1.71
3522,御嵿,櫃,觀光餐旅,1,12.6,24,-27.9,-26.7,-13.2,,38,72.8,-10,0,43,1.63,20.6,-1.11
3523,迎輝,櫃,光電業,0.75,12.2,27.7,-33.2,-31.9,-7.85,,-44,74.1,-16,0,53.7,0.04,65.8,-1.38
3526,凡甲,櫃,電子零組件業,0.89,165,26.9,26.9,28.7,8.52,14.7,26.5,46.6,19,6.49,33.1,21.7,37.9,29.7
3527,聚積,櫃,半導體業,0.82,30.1,26.2,3.52,1.85,-1.86,,-21.3,16.3,20,2.95,37.3,5.31,13.2,1.51
3529,力旺,櫃,半導體業,1.38,"1,576",25,53.2,52.8,11.6,88,6.07,49.1,19,1.04,55.5,63.2,5.88,24.5
3531,先益,櫃,光電業,0.55,14.3,45.9,7.36,6.4,-4.12,,-12.2,21.8,20,3.43,25.3,19.3,26,-1.48
3537,堡達,櫃,電子零組件業,1.05,22.2,38.1,17.2,16.5,-5.73,28,2.7,41.7,19,5.82,38.5,1.98,4.88,4.27
3540,曜越,櫃,電腦及週邊設備業,1.16,26.5,25.8,-0.45,-1.8,-2.32,,32.2,69.7,-1,0,42.8,2.76,0.59,2.61
3541,西柏,櫃,其他電子業,0.74,15,34.7,-2.26,-6.17,-8.21,,19.6,67.8,-2,0,34.7,1,0.36,1.71
3546,宇峻,櫃,文化創意業,0.32,47.9,30.3,18.2,17.6,-1.78,28.1,-3.85,39.6,9,5.01,38.5,10.5,14.4,-1.27
3548,兆利,櫃,電子零組件業,1.28,74.9,21.2,10.7,10.6,-0.88,27.9,8.57,53.2,20,1.81,50,3.13,24.9,-13.1
3551,世禾,櫃,綠能環保,1.26,96.5,28.2,10.1,9.97,2.84,20.8,11.5,25.8,19,2.19,51.2,5.43,29.1,6.94
3552,同致,櫃,其他電子業,1.22,68,45.8,9.15,6.99,0.2,116,-2.34,57.3,5,1.15,45,12.4,14.1,10.1
3555,博士旺,櫃,半導體業,0.33,19.1,22,-19.7,-11.8,-4.92,,252,33,-3,0,57.1,2.1,72.5,-0.46
3556,禾瑞亞,櫃,半導體業,0.76,25,23,13.3,11.3,2.09,23.8,-4.08,26.6,19,5.29,26.5,4.27,15.5,3.32
3558,神準,櫃,通信網路業,1.29,97.5,18.9,19.7,14.8,1.59,24.8,41.8,50.6,18,1.82,51.6,9.16,50.8,15.8
3564,其陽,櫃,通信網路業,1.44,33.2,24.9,6.48,4.93,1.31,57.9,12.1,48,6,1.58,52.2,2.88,63.1,1.04
3567,逸昌,櫃,半導體業,0.72,9.32,25,13.5,12.9,0.76,22,-15.4,15,19,6.56,25.9,3.59,9.43,2.96
3570,大塚,櫃,資訊服務業,0.73,32.5,28.1,22.8,22.9,6.14,13.1,30.9,34.7,18,4.74,42.7,42.2,6.26,15.6
3577,泓格,櫃,電腦及週邊設備業,0.85,47.9,32.1,11.3,9.21,2.54,31.7,12.6,21.9,18,2,46.9,1.06,25.1,3.83
3580,友威科,櫃,其他電子業,1.33,26.8,22.9,19.9,18.6,2.34,15.4,-37.3,43.5,8,4.42,50.8,2.58,4.15,-0.49
3581,博磊,櫃,半導體業,1.18,21.1,26.4,7.62,7.26,-1.37,,1.81,49.9,12,1.21,58.1,10.9,16.6,2.73
3587,閎康,櫃,其他電子業,1.16,140,23.4,16.7,16.1,2.09,29.3,5.94,48.4,15,3.33,40.3,11.6,34.5,2.02
3594,磐儀,櫃,電腦及週邊設備業,1.23,40.6,31.9,6.48,6.39,-0.61,124,40,48.1,18,1.89,44.1,7.08,31.5,-2.1
3597,映興,櫃,電子零組件業,1.24,11.7,38.8,7.95,7.24,-1.98,34.2,29.5,48.5,12,2.86,59.8,2.35,26.2,0.35
3609,三一東林,櫃,電子零組件業,0.68,18.7,23.4,-38.2,-44.3,-17.7,,43.2,81.8,-4,0,49.1,3.54,19.5,-1.06
3611,鼎翰,櫃,電腦及週邊設備業,0.58,88.4,18.5,17.6,15.9,4.63,12.8,39.8,62.3,18,5.37,24,11.7,46.7,-26.3
3615,安可,櫃,光電業,1.22,16.9,18,2.38,2.29,0.1,,-3.48,21.1,2,1.22,51,3.59,25.9,0.5
3623,富晶通,櫃,光電業,1.15,6.36,24.8,-5.64,-5.73,-1.5,,8.65,23.6,-6,0,48.8,1.85,49.8,0.77
3624,光頡,櫃,電子零組件業,1.18,47.6,28,11.3,9.38,-0.03,30.3,1.09,18.8,18,3.03,37.2,42.3,4.35,2.41
3625,西勝,櫃,電腦及週邊設備業,1.33,26.3,29.3,-28.2,-24,4.1,,-24.2,64.6,-5,0,65.3,6.54,17.3,-0.95
3628,盈正,櫃,其他電子業,0.72,22.5,27.4,5.97,5.75,1.8,18,14.4,52.8,18,4,33.7,1.58,31.6,7.16
3629,地心引力,櫃,文化創意業,0.24,8.24,24,-50.8,-46.9,-16.4,,"1,672",14.7,-14,0,60.1,0.06,61,-0.91
3630,新鉅科,櫃,光電業,1.1,73.8,26.1,-17.4,-18.3,21.9,31.4,17.2,26.4,-11,0,54.2,35.4,17.3,11.8
3631,晟楠,櫃,電子零組件業,0.61,17.1,41.4,-3.61,-3.7,-2.9,,-8.46,42.4,-3,0,36.7,7.83,52.6,3.97
3632,研勤,櫃,通信網路業,0.58,4.08,24,-3.06,-3.42,-5.7,,-33.8,56,-11,0,29.6,0.25,4.46,-0.21
3646,艾恩特,櫃,電子零組件業,0.23,11.5,26.5,12.2,11.1,3.52,28.4,-20,46.8,17,5.63,15.4,7.2,11.6,2.82
3663,鑫科,櫃,其他電子業,1.36,57.4,25.5,5.29,4.51,-0.44,264,35.6,46,9,0.76,52.8,2.05,59,2.17
3664,安瑞-KY,櫃,通信網路業,0.75,12.3,16.8,-21.9,-11.9,5.08,258,30.4,68.3,-13,0,52.5,36.6,14.8,-2.89
3666,光耀,櫃,光電業,0.81,17.6,21.2,-39.3,-44.1,-14.9,,-22.3,38.6,-4,0,34.5,0.74,37.7,-1.44
3672,康聯訊,櫃,通信網路業,0.59,5.63,27,-11.6,-14.5,-14,,-12.6,57.6,-2,0,47.7,0.16,36.4,-0.84
3675,德微,櫃,半導體業,1.47,93.8,30.1,16.6,12.8,-1.76,38.5,-12,47.4,10,3,51.1,54.3,3.37,3.54
3680,家登,櫃,半導體業,1.3,319,27.5,15.9,14.4,0.56,34.4,0.54,49.2,17,1.54,43.5,24.7,10.7,-21.6
3684,榮昌,櫃,通信網路業,0.38,14.4,30.3,13.1,11.6,3.08,17.9,28.7,42.3,16,4.79,24.2,0.22,36.4,2.6
3685,元創精密,櫃,電機機械,1,22.7,42,-2.96,-2.54,-4.83,,-13.4,41.3,-4,0,48.9,0.44,46.8,2.26
3687,歐買尬,櫃,數位雲端,1.07,22.9,25.9,9.38,8.53,1.87,37.7,3.32,57.1,6,2.05,39.8,5.9,23,6.74
3689,湧德,櫃,電子零組件業,1.36,86.6,20.5,11.8,12.4,3.54,12.5,25.2,32,16,2.92,48.4,18.1,6.51,2.78
3691,碩禾,櫃,光電業,1.16,76.7,22.2,-11.3,-12,-9.08,,-36.7,41.7,-4,0,45.6,1.69,55,8.39
3693,營邦,櫃,電腦及週邊設備業,1.21,106,29.4,29.7,30.2,0.11,10.8,-4.65,36.1,5,4.45,45.3,2.72,12.5,10.9
3707,漢磊,櫃,半導體業,1.43,233,11,4.12,0.36,-2.14,,-6.9,31.6,-2,0,56.1,8.65,34.9,-4.46
3709,鑫聯大投控,櫃,電腦及週邊設備業,0.97,49.9,8.1,8.36,8.69,5.89,10.4,58.4,80.3,8,2.52,58.4,4.27,61.1,-15.9
3710,連展投控,櫃,電子零組件業,1.18,26.9,7.7,-8.73,-6.6,4.39,234,-2.02,75.1,-8,0,47.4,3.93,0.67,0.7
3713,新晶投控,櫃,綠能環保,0.46,23.7,5.6,0.11,-2.76,-5.56,,-16.9,79.7,-5,0,38.8,0.35,30.9,-3.33
4102,永日,櫃,生技醫療業,0.63,8.83,47.3,10.4,10,-1.11,,-27.3,26.5,5,5.52,26.6,1.53,23.6,0.34
4105,東洋,櫃,生技醫療業,0.42,190,65.2,19.2,19.8,4.37,12,9.4,35.1,23,5.5,16.9,16.7,15.8,5.61
4107,邦特,櫃,生技醫療業,0.56,79,33.9,15.8,15.6,3.45,15.1,-0.21,30.7,19,4.39,23.7,9.67,41.7,3.04
4109,加捷生醫,櫃,生技醫療業,0.74,19.7,30.4,10.6,13.9,0.01,,-16.2,9.11,2,3.01,36.7,0.96,31,-2.19
4111,濟生,櫃,生技醫療業,0.39,18.2,63,9.25,8.52,2.67,12.3,24,29.9,23,3.29,23.7,4.22,16.6,0.67
4113,聯上,櫃,建材營造業,0.93,56.5,27.6,3.78,8.41,-0.29,24.7,-86.1,71.3,1,3.48,42.8,1.41,43.2,-7.72
4114,健喬,櫃,生技醫療業,0.56,178,55.1,6.96,6.19,2.13,23.4,12.7,30.4,15,1.72,23.1,5.54,16,-0.43
4116,明基醫,櫃,生技醫療業,0.73,22.1,36.5,13.9,12.3,1.78,25.9,13.8,59.7,18,3.33,29.6,0.42,56.4,2.94
4120,友華,櫃,生技醫療業,0.54,43.5,43.3,-2.91,-2.26,-0.59,,2.82,43.7,2,2,32.6,6.73,46.1,24.1
4121,優盛,櫃,生技醫療業,0.72,12.4,36.9,2.96,0.55,-0.42,,-0.71,51.1,-1,0,39,1.19,11.6,4.05
4123,晟德,櫃,生技醫療業,0.73,286,65.9,-4.64,-5.2,-4.1,,-7.27,29,8,1.93,30.5,10.3,32,0.64
4126,太醫,櫃,生技醫療業,0.3,64.6,48.1,14.3,14.8,1.09,16,5.2,32.3,15,5.62,16.4,12,40,6.16
4127,天良,櫃,生技醫療業,0.72,15.5,54.4,6.48,4.66,-10.2,,25.5,57.4,-1,0,31.4,1.62,52,-9.35
4128,中天,櫃,生技醫療業,1.07,136,25.4,-6.33,-8.38,-4.06,,10.9,15,-2,0,41.8,6.98,27.9,0.51
4129,聯合,櫃,生技醫療業,0.7,112,32.5,10.5,11.3,1.25,22.5,23.2,47.4,3,3.45,30.1,11.8,29.5,3.83
4130,健亞,櫃,生技醫療業,0.55,26.7,32.5,0.97,1.42,0.52,145,-3.73,9.03,13,0.43,28.4,1.55,1.87,0.26
4131,浩泰,櫃,生技醫療業,0.62,12.7,26.9,-31.4,-26.8,3.51,,259,40.4,-23,0,43.5,0.07,60.8,-3.07
4138,曜亞,櫃,生技醫療業,0.5,28,21.9,12.5,13.4,2.64,13.6,-13.4,41.2,17,5.92,22.2,0.52,53.5,3.44
4139,馬光-KY,櫃,生技醫療業,0.07,11,16.2,-5.16,-4.03,1.56,51,-1.62,65,-4,0,25,20,2.19,5.99
4147,中裕,櫃,生技醫療業,0.91,210,18,-7.68,-7.07,-1.5,,-4.35,18.3,-15,0,36.8,7.95,20,0.45
4153,鈺緯,櫃,生技醫療業,0.52,22.9,30.4,7.04,7.69,2.65,25.8,0.52,30,5,5.13,27.5,0.63,58.9,1.93
4154,樂威科-KY,櫃,其他業,0.55,6.32,15.1,-37.3,-44.4,-9.62,,-52.2,35.9,-10,0,47.5,21.9,11.6,-1.2
4157,太景*-KY,櫃,生技醫療業,0.81,59.9,20,-3.91,-0.94,-12.2,,-80.1,10.7,-12,0,36.9,2.73,32.3,-0.24
4160,訊聯基因,櫃,生技醫療業,0.89,14.2,16.8,8.78,9.4,0.43,44,-14.9,28.1,4,3.47,38.9,1.08,29.1,1.49
4161,聿新科,櫃,生技醫療業,0.57,17.2,26.3,9.44,10.1,0.41,22.3,-6.37,36,2,1.04,27.5,0.87,5.74,2.11
4162,智擎,櫃,生技醫療業,0.91,95.9,23.1,17.7,22.6,0.35,5.77,-10.3,18.5,11,9.12,39.2,9.21,18.9,11.9
4163,鐿鈦,櫃,生技醫療業,0.52,52.9,20.9,14.6,12.9,0.29,24.6,1.61,45.3,16,3.29,23.3,2.8,50.4,-0.43
4166,友霖,櫃,生技醫療業,,63.1,17.6,1.74,3.37,1.02,,6.22,27.2,-14,0,,11.4,72.7,
4167,松瑞藥,櫃,生技醫療業,0.88,55.9,21.6,2.36,3.05,-0.47,12.4,-0.92,11.7,3,2.27,32,11.5,18.1,-0.03
4168,醣聯,櫃,生技醫療業,0.98,27.9,24.6,-16.2,-16.9,-5.12,,251,22,-12,0,45.5,5.21,5.28,0.04
4171,瑞基,櫃,農業科技業,0.73,10.5,20.9,-4.35,-11.3,-9.96,,3.44,34,-2,0,39.5,13.6,9.88,0.36
4173,久裕,櫃,生技醫療業,0.66,18.5,45.3,4.02,4.25,1.56,16.8,21.3,65.9,13,4.79,32.6,2.14,41.4,6.68
4174,浩鼎,櫃,生技醫療業,0.9,67.9,23.4,-37.3,-40.2,-18,,-30.3,17.6,-14,0,41.8,8.56,31.1,-8.26
4175,杏一,櫃,生技醫療業,0.5,25.6,33.4,7.77,5.84,1.94,16.8,3.8,80,14,2.64,18.5,0.24,52.6,5.61
4183,福永生技,櫃,生技醫療業,0.44,4.61,22.9,6.95,6.5,-4.45,,18.7,49.1,10,3.46,28.2,0.09,10.4,-1.14
4188,安克,櫃,生技醫療業,0.81,9.94,16.7,-9.27,-9.17,-3.19,,-38.5,3.42,-13,0,37.3,0.04,45.5,-3.79
4192,杏國,櫃,生技醫療業,0.67,9.32,17.2,-27.9,-30.7,-4.28,,17.8,7.44,-13,0,28.6,0.32,66.2,-1
4198,欣大健康,櫃,生技醫療業,0.63,9.21,12.7,-8.3,-2.51,-6.37,,-21.4,22.7,-12,0,46.4,1.16,2.53,0.78
4205,中華食,櫃,食品工業,0.12,86.8,45.4,18.8,18.9,4.93,20.6,2.01,20.2,27,2.25,10.6,0.67,5.9,2.96
4207,環泰,櫃,食品工業,0.46,36.6,41.2,7.95,8.29,3.97,14.3,-9.68,38.3,8,5.42,19.3,0.38,33,2.62
4303,信立,櫃,塑膠工業,1.2,66.5,52.2,20.4,31.6,-17.6,4.66,403,30.7,2,1.42,55.5,15.1,15.2,-4.09
4304,勝昱,櫃,塑膠工業,0.59,3.05,42.8,-60.4,-69.3,-99.5,,-5.43,97.7,-22,0,56.9,0,31.1,-1.22
4305,世坤,櫃,塑膠工業,0.24,22.5,39,15.6,16.4,0.43,13.7,4.26,25.1,25,7.82,17.9,0.06,14.8,2.56
4401,東隆興,櫃,紡織纖維,0.73,21.7,64.1,3.56,3.34,0.72,22.6,0.45,53.8,23,3.97,26.2,1.68,14.3,1.43
4402,郡都開發,櫃,紡織纖維,0.61,13.7,55.5,-3.11,-2.82,-0.48,252,10.3,2.1,-29,0,52,2.81,48.8,-0.77
4406,新昕纖,櫃,紡織纖維,0.62,5.16,45.4,-2.05,-3.63,-6.3,,31.7,37.7,-13,0,28.6,0.15,8.38,-0.68
4413,飛寶企業,櫃,紡織纖維,0.66,5.43,37.9,7.51,4.79,-3.8,,107,43.5,3,1.15,34,5.72,30.3,-6.56
4416,三圓,櫃,建材營造業,0.41,43,45.7,-4.41,-1.89,5.3,,572,88.3,4,1.71,26.3,0.26,70.7,-0.27
4417,金洲,櫃,紡織纖維,0.55,40.9,51.7,11.6,11.3,5.42,8.19,14.2,36.2,16,5.74,25,4.16,24.7,9.84
4419,皇家美食,櫃,觀光餐旅,0.31,79,34,-12,-7.7,-3.29,,69.6,60.9,-24,0,34.6,0.05,84.1,-0.71
4420,光明,櫃,紡織纖維,0.8,21,59.2,32,34,0.66,4.38,31.8,16,26,10.6,31.9,1.68,58.3,33.4
4430,耀億,櫃,其他業,0.73,10.7,51.8,-3.21,-3.59,-2.49,,2.33,52.6,16,2.62,33.8,2.41,24.3,0.91
4432,銘旺實,櫃,紡織纖維,0.61,8.9,39.6,10.6,9.74,-5.11,31.4,2.15,16.4,3,5.68,32.8,0.99,38.7,-9.62
4433,興采,櫃,紡織纖維,0.59,13.6,36.5,2.64,2.11,-5.38,,2.84,71.5,13,4.5,26.4,0.13,10.6,-6.54
4442,竣邦-KY,櫃,紡織纖維,0.66,17.7,4.1,11.7,12.2,6.4,12.7,40.6,34.7,2,4.27,52.2,67.2,0.19,-0.22
4502,健信,櫃,電機機械,0.31,10.3,47.3,-0.44,0.38,-6.04,,-36.4,73.5,-5,0,33.1,3.63,37.7,-0.02
4503,金雨,櫃,電機機械,1.05,43.5,45.2,-8.07,-7.8,-0.36,,127,9.92,-6,0,46,2.65,32.2,-1.22
4506,崇友,櫃,電機機械,0.26,225,51.3,17.8,18,4.98,21.2,27.6,51.5,30,3.54,16.9,1.65,64.4,8.34
4510,高鋒,櫃,電機機械,1.24,51.1,46.6,4.7,5.28,-4.24,,-16.3,70.2,3,1.69,60.9,3.06,28.7,-0.7
4513,福裕,櫃,電機機械,1.16,24.8,47.4,1.18,0.99,-4.85,,-21.2,67.4,-1,0,47.8,4.51,19.4,-8.69
4523,永彰,櫃,電機機械,0.77,21.6,38.4,-10.6,-11.5,-44.9,,15.9,74.2,-7,0,35.6,4.26,47.3,-11.2
4527,方土霖,櫃,電機機械,0.75,30.1,37.5,15.6,16.4,0.53,12.6,-23.2,43.6,25,8.09,38.9,2.89,40.1,8.19
4528,江興鍛,櫃,電機機械,0.7,16.1,45,3.82,2.48,-0.58,,-11.6,40.4,23,1.05,30.1,0.41,1.69,0.56
4529,淳紳,櫃,其他業,0.68,3.28,37.9,-15.6,-21.2,-7.26,,-22.9,7.54,-11,0,46.7,16.8,8.63,0.1
4530,宏易,櫃,觀光餐旅,0.7,8.02,41,-19,-23.6,-1.78,,81.3,43.2,-22,0,43.3,3.07,31.2,0.04
4533,協易機,櫃,電機機械,1.13,36.4,43.6,6.34,7.7,-4.14,54.8,17.1,60.5,15,5.22,40.2,5.59,13.9,-2.37
4534,慶騰,櫃,電機機械,1.34,15.3,32.6,-10.7,-7.39,-4.99,,-4.1,50.9,-7,0,58.5,0.88,22.2,-0.79
4535,至興,櫃,電機機械,0.37,22.2,37.5,10.5,10.3,0.62,17.8,-9.5,14.8,26,5.44,16.4,0.2,63.6,5.23
4538,大詠城,櫃,電機機械,0.57,10.8,45.7,6.63,4.83,0.01,102,17.5,11.8,14,2.19,22.3,0.54,38.8,-1.16
4541,晟田,櫃,其他業,0.96,33.5,34.1,2.69,2.36,-2.42,38.1,17.7,59.1,1,1.52,56.6,10.6,9.33,2.35
4542,科嶠,櫃,電子零組件業,1.27,20,25.5,2.74,2.81,0.26,,17,58.4,8,1.61,51.4,6.52,37.2,-2.82
4543,萬在,櫃,電機機械,1.17,15.1,41.4,7.98,7.65,-3.29,,-6.88,32.9,3,3.95,38.7,7.61,21.9,0.81
4549,桓達,櫃,電機機械,1.23,68.4,22.6,16.5,15.4,1.54,31.5,-1.66,36.9,13,3.42,52.8,2.74,22.1,0.57
4550,長佳,櫃,電機機械,0.56,9.57,32.3,12.8,12.8,0.46,8.61,-43.6,48.5,13,7.91,24.3,1.7,41.3,6.61
4554,橙的,櫃,其他電子業,0.69,8.32,20.7,7.17,7.76,-3.61,34,26.2,41.1,6,1.11,46.9,24,23.4,-0.28
4556,旭然,櫃,其他業,0.57,9.81,39.9,2.08,1.7,1.05,41.4,-8.46,50.5,11,1.29,30.3,11,39.2,1.76
4558,寶緯,櫃,電機機械,0.8,12.9,36.5,3.32,2.57,-2.64,,11.6,65,1,1.94,49.4,0.49,41.9,-6.43
4561,健椿,櫃,電機機械,1.29,24.5,41.8,12.6,13.4,-0.97,39.9,-25.2,42.7,10,2.86,55.9,1.8,30.2,1.21
4563,百德,櫃,電機機械,1.34,31.9,34.3,10.4,11.1,-2.73,27.2,-8.62,65.5,2,5.17,51.1,2.6,36.6,-4.97
4568,科際精密,櫃,電機機械,0.58,14,11.5,8.03,7.2,-1.02,19.4,-1.96,30,9,4.55,22.5,20,54.9,0.27
4577,達航科技,櫃,其他電子業,1.18,18.2,34.6,-4.44,-7.08,0.07,,24.7,50,-2,0,71.1,2.22,35.4,1.81
4580,捷流閥業,櫃,電機機械,0.42,42.6,45.2,16.1,15.9,2.59,15.8,-2.15,33,7,5.5,21.1,2.72,42.7,5.58
4584,君帆,櫃,電機機械,0.72,15.9,42.4,10.8,10.8,1.95,13.7,7,52.2,4,4.15,33.6,0.05,48.2,1.12
4609,唐鋒,櫃,居家生活,0.25,3.26,49.2,-10.7,-13.3,-11.5,,42.3,78.3,-14,0,57.1,0,0.14,-0.93
4702,中美實,櫃,居家生活,0.67,7.19,61.7,6.19,4.97,-2.34,,-59.8,15.8,-31,0,32.3,43.1,4.45,-1.25
4706,大恭,櫃,化學工業,0.1,22,59.4,3.01,3.32,-2.19,186,-15.1,10.9,33,2.51,28.3,29.5,25.7,0.31
4707,磐亞,櫃,化學工業,0.7,40.3,43.5,6.42,6.31,0.53,13.1,-0.16,32.3,10,2.5,26,0.7,58.9,-0.21
4711,永純,櫃,化學工業,0.58,9.34,60.1,0.18,0.57,-0.02,219,-3.97,18.5,25,3.27,29,1.25,2.74,0.99
4714,永捷,櫃,化學工業,1.1,36.1,34.1,4.07,8.07,-8.2,61.4,108,36,1,0,42.5,1.71,13.1,-14.1
4716,大立,櫃,化學工業,0.97,14.4,55.2,1.28,2.65,-7.77,,-6.33,37.1,1,1.31,43.8,3.24,11.3,-1.68
4721,美琪瑪,櫃,化學工業,1.12,53.8,33.2,15.1,14.1,4.7,26.9,21.9,45.6,25,3.29,45.9,1.43,12.1,-0.02
4726,永昕,櫃,生技醫療業,1,77.2,24,-21.2,-21.7,-7.49,,0.48,45,-19,0,39.3,21.4,27.2,-1.36
4728,雙美,櫃,生技醫療業,0.56,226,24.6,45.7,45.9,13.2,32.4,9.41,47.9,8,2.79,33.2,17.3,43.7,12.9
4729,熒茂,櫃,光電業,1.16,18.3,20.3,3.53,3.11,-0.13,54.7,9.01,61,3,2.13,58.8,2.51,43.7,2.48
4735,豪展,櫃,生技醫療業,0.61,14.4,29.4,7.44,6.74,2.04,18.4,0.8,28.6,11,4.63,24.5,0.12,15.5,1.56
4741,泓瀚,櫃,化學工業,0.67,7.66,21.7,5.88,6.22,-0.74,28.2,-22.8,20.1,17,5.45,36.6,0.97,39.7,0.28
4743,合一,櫃,生技醫療業,1.22,325,17.3,-5.01,-7.08,-7.49,,4.26,7.27,-2,0,49.9,8.31,23.7,4.25
4744,皇將,櫃,生技醫療業,0.81,16.1,23.1,3.67,3.28,1.6,21,7.75,45.8,10,1.37,39.4,2.37,5.31,0.76
4745,合富-KY,櫃,生技醫療業,0.52,12.9,19.9,3.01,2.27,-0.62,,-23.7,32.2,-1,0,25.3,14.3,2.97,8.68
4747,強生,櫃,生技醫療業,0.28,34.1,58.8,6.26,5.73,1.14,41.5,-10.4,16.7,16,2.3,27.8,1.58,22.2,1.15
4749,新應材,櫃,半導體業,,800,22,19.2,20.4,3.35,96.5,32,15.1,4,0.69,,3.62,17.6,-23.6
4754,國碳科,櫃,化學工業,0.4,12,27.4,14.9,15.3,4.05,14.3,1.59,41.7,13,5.06,21.7,0.38,36.2,-0.54
4760,勤凱,櫃,其他電子業,1.27,50.3,18.3,16.2,17.7,1.73,27.3,29.1,37.3,12,2.37,52.3,3.49,12.6,1.72
4767,誠泰科技,櫃,化學工業,0.15,9.11,42.3,8.84,9.11,-0.27,18.1,-15.5,37.2,9,6.21,23.9,0.16,37.6,3.49
4768,晶呈科技,櫃,化學工業,1.31,91.2,14.8,13.6,10.4,-0.3,131,-23.5,43.3,8,2.08,50.3,3.87,8.21,-14
4772,台特化,櫃,化學工業,1.22,456,12.5,12.4,12.9,3.77,101,53.8,12.2,4,0.65,94.2,4.03,42.5,-3.96
4804,大略-KY,櫃,觀光餐旅,0.88,5.74,14.1,-83,-89.5,20.2,,7.34,87.8,-6,0,64.1,4.92,4.03,0.66
4806,桂田文創,櫃,文化創意業,0.62,15.8,25.4,-75.6,-18.3,-2.03,,80.4,31.3,-8,0,56.8,1.88,75,0.24
4903,聯光通,櫃,通信網路業,1.29,34,39.5,-3.87,-0.56,1.86,,75.6,31,-9,0,65.4,0.62,40.7,
4905,台聯電,櫃,通信網路業,0.64,18.2,35.1,2.61,3.44,-1.92,,22.8,32.1,15,2.42,31.1,9.74,36.2,-1.35
4907,富宇,櫃,建材營造業,0.91,51.7,37.1,15.3,20.4,1.13,10.5,-46.6,73.1,8,4.11,39.8,0.52,76.8,1.44
4908,前鼎,櫃,通信網路業,1.4,70.2,27.2,13.7,13.3,0.63,39.4,-5.29,17.2,19,1.95,50.5,3.44,41.9,1.72
4909,新復興,櫃,通信網路業,1.22,51.1,40.8,11,17,-6.95,11.4,-88.7,24.2,2,11,56.9,2.67,18.7,13.4
4911,德英,櫃,生技醫療業,0.67,33.2,23.1,7.94,9.97,4.52,24.6,38.9,14.5,2,1.45,26.5,0.28,0.42,1.04
4923,力士,櫃,半導體業,0.96,11.2,18.3,4.97,-2.04,-14.2,,4.16,42.3,-1,0,49.1,0.58,17.9,-5.71
4924,欣厚-KY,櫃,電腦及週邊設備業,0.35,5.13,15.9,-0.81,-2.2,-2.14,,32.1,52,-12,0,42.4,38.1,9.16,1.19
4931,新盛力,櫃,電腦及週邊設備業,1.41,100,21.2,14.5,13.6,-3.06,61.7,6.74,36.4,3,1.31,71,7.15,7.16,4.19
4933,友輝,櫃,光電業,0.84,48.5,21.7,11.7,13,-2.06,13,11.7,30.8,16,10.1,36,9.5,59,5.6
4939,亞電,櫃,電子零組件業,0.78,23.6,22.2,1.93,1.78,-5.78,,-9.71,52.3,8,2.08,32.6,2.67,23.5,-0.09
4946,辣椒,櫃,文化創意業,0.46,10,19,-167,-168,13,,"1,029",60.9,-7,0,78.2,12.9,1.01,1.16
4950,金耘國際,櫃,鋼鐵工業,0.3,14.6,16.9,-42.8,-25.2,1.5,,"7,399",32.9,-8,0,49.6,0.2,55,0.09
4951,精拓科,櫃,半導體業,1.09,26.6,23.4,16.3,15.8,5.04,17.1,5.26,14.1,15,4.11,36.4,2.88,3.12,4.9
4953,緯軟,櫃,資訊服務業,0.99,80.5,33.3,17.4,15.8,3.48,18.8,9.42,35.2,12,3.63,36.5,4.84,26.8,7.45
4966,譜瑞-KY,櫃,半導體業,1.27,624,19.8,17.9,14.9,3.35,21.8,3.41,14.8,14,2.11,43.5,41.9,3.28,35.2
4971,IET-KY,櫃,半導體業,1.55,65,14.4,0.9,-2.13,1.77,,50.2,5.08,-2,0,75.3,17.3,9.83,0.12
4972,湯石照明,櫃,光電業,0.63,10,33.1,2.72,1.82,-2.4,,-21.8,20,15,4.53,29,2.62,9.08,1.92
4973,廣穎,櫃,半導體業,1.1,20.6,22.6,7.71,7.1,-2.08,,-5.08,33.4,15,3.17,44.1,2.73,20.6,-4.83
4974,亞泰,櫃,電子零組件業,1.07,59.4,21.7,16.7,16.1,2.28,12.5,-3.93,34.2,15,6.65,43.4,6.51,41.2,5.88
4979,華星光,櫃,通信網路業,1.32,296,23.8,18.7,18.2,2.78,49.5,41.4,31.5,3,0.73,60.3,13.5,15.3,2.62
4987,科誠,櫃,電腦及週邊設備業,0.61,22.8,32.7,16.5,16.5,2.66,11.5,2.9,32.7,15,7.27,35.9,5.28,23.3,5.7
4991,環宇-KY,櫃,半導體業,1.44,192,14.8,-18.2,-15.6,0.48,483,20.3,12.7,-5,0,76.6,7.7,32.7,4.03
4995,晶達,櫃,光電業,0.65,20.1,25.1,19.6,19,0.07,17.8,-11.1,49.2,15,8.42,28,2.42,34.8,1.52
5009,榮剛,櫃,鋼鐵工業,0.85,215,32.5,17.9,16.8,1.27,11.2,-12.4,49.3,14,7.27,30.8,8.81,26.1,-2.09
5011,久陽,櫃,鋼鐵工業,0.66,11.2,40.8,4.02,1.33,-3.41,,33.1,58.5,4,1.8,26,1.31,27.4,-7.32
5013,強新,櫃,鋼鐵工業,0.28,37.3,31.8,10.5,9.15,1.34,19.3,-1.18,41.6,12,2.86,21.7,10.6,46,6.11
5014,建錩,櫃,鋼鐵工業,0.85,19.2,42.1,7.04,5.96,-11.5,,-7.99,78.5,4,2.93,37.6,3.28,13,-0.76
5015,華祺,櫃,鋼鐵工業,0.61,18.2,41.3,19,14.1,-6.57,111,8.03,55.8,27,7.68,24,6.04,28.4,-0.5
5016,松和,櫃,鋼鐵工業,0.35,12.3,53,5.21,5.06,0.82,15,1.06,44.7,27,4.83,15.6,0.45,0.51,0.47
5201,凱衛,櫃,資訊服務業,0.7,12.9,40.3,13.1,15,-2.58,78.1,7.86,31.7,8,3.2,52.4,8.58,11.1,6.73
5202,力新,櫃,資訊服務業,1.12,17.2,38,6.47,10.1,-2.55,,6.64,9.94,2,2.6,53.6,0.85,36.5,1.05
5205,中茂,櫃,綠能環保,0.46,4.46,35.8,-6.05,-14,-3.57,,-45.2,22.9,-14,0,62.6,0.07,53.7,-1.12
5206,坤悅,櫃,建材營造業,0.75,62.4,50,6.32,8.64,14.7,6.14,56.9,75.8,10,1.37,32.4,6.63,37.5,-0.21
5209,新鼎,櫃,其他業,0.75,46.1,38.1,39.6,40.4,18.1,12.9,-27.3,82.7,21,6.99,34.7,0.72,53.2,-2.46
5210,寶碩,櫃,資訊服務業,0.73,21.5,36.8,-10.9,-11.8,0.98,70.8,6.4,9.98,-10,0,42,1.04,22.8,-3.24
5211,蒙恬,櫃,資訊服務業,0.79,8.85,34,-11.8,-14.2,-2.21,,21.5,10.3,-2,0,41,8.04,36.2,-0.59
5212,凌網,櫃,資訊服務業,0.45,16.8,27.2,21.8,22.3,-3.09,20.2,9.07,58,11,7.2,26.6,22,26.6,-6.25
5213,亞昕,櫃,建材營造業,0.73,184,30.7,6.79,7.63,0.98,7.71,608,77.3,5,4.88,34,1.39,79.4,-5.49
5220,萬達光電,櫃,光電業,0.84,7.83,22.8,6.61,4.53,-1.61,,7.29,37,11,2.53,34.6,0.31,27.2,0.63
5223,安力-KY,櫃,電腦及週邊設備業,0.82,12.6,15.2,2.79,0.96,0.16,283,26.4,43.4,-2,0,32.4,42,3.28,2.01
5227,立凱-KY,櫃,電子零組件業,0.68,20,17.8,-57.8,-54.2,-23.2,,-15.9,62.7,-14,0,53.9,12.2,3.77,-2.52
5228,鈺鎧,櫃,電子零組件業,0.59,5.86,33.3,-6.09,-9.85,-2.61,,17.8,56,-2,0,38,0.12,51.5,0.19
5230,雷笛克光學,櫃,光電業,1.15,10.3,17.5,0.69,1.51,-2.85,,-15.6,46.3,15,2.85,41.8,1.37,12.4,1.99
5236,凌陽創新,櫃,半導體業,1.19,77.1,18.8,16.9,17.6,5.53,15.2,17.1,25.3,7,6.02,40.3,4,58.1,6.73
5245,智晶,櫃,光電業,0.52,12,19.9,-4.02,-8.83,-6.86,,-9.89,54.1,-2,0,48.4,3.5,50.3,-1.85
5251,天鉞電,櫃,光電業,0.92,15.4,33.3,-6.11,-5.33,-3.54,,40.2,17.8,-7,0,63.8,22.6,15.3,0.11
5263,智崴,櫃,文化創意業,0.9,63.1,23.9,-1.87,-1.06,-6.49,,6.7,39.2,3,1.05,35.9,17.6,19.1,-5.28
5272,笙科,櫃,半導體業,1.21,12.4,20,0.37,-0.44,-1.8,,6.56,13.5,-2,0,42.7,2.67,10.4,-0.51
5274,信驊,櫃,半導體業,1.33,"2,021",20.8,43.6,43.9,12.9,63.4,59.8,42.6,14,0.97,53.3,48.5,25.7,97.1
5276,達輝-KY,櫃,其他業,0.66,5.92,13.8,2.06,2.19,2.12,12.5,11.7,41.4,4,4,51.8,77.1,4.53,0.26
5278,尚凡*,櫃,數位雲端,0.79,106,23,51.3,45.9,6.98,37.1,24.2,72.6,7,2.02,51.1,1.21,54.6,2.39
5287,數字,櫃,數位雲端,0.33,107,18.7,34.7,34.9,9.04,13.7,4.1,43.9,15,5.82,13.4,18.2,29.6,12.9
5289,宜鼎,櫃,電腦及週邊設備業,1.19,330,20.5,19.9,17.5,2.26,32.9,35.3,32.2,15,2.66,43.3,20.4,16.2,-12.1
5291,邑昇,櫃,電子零組件業,0.76,9.93,31.5,6.45,3.62,-0.03,,7.3,46.8,-1,0,32.1,0.43,11.6,-3.74
5299,杰力,櫃,半導體業,0.93,38.3,17.5,17.7,12.8,-0.25,24,-6.46,19.6,13,5.52,29.3,1.36,48.1,5.75
5301,寶得利,櫃,觀光餐旅,0.72,7.64,47,-11.3,-11.2,-6.4,,-49,25.2,-9,0,49,2.6,31.6,-0.14
5302,太欣,櫃,半導體業,0.93,14.6,42.3,-3.78,-3.72,-1.1,,16.6,30.4,-19,0,42,0.11,30.5,-0.3
5309,系統電,櫃,電子零組件業,1.26,126,47.9,11.7,8.41,-0.15,598,4.54,36.3,2,1.06,51.7,4.55,9.08,-3.53
5310,天剛,櫃,資訊服務業,0.27,12.2,35.7,8.12,17.7,1.34,17.3,-12.2,19.9,-9,0,30.3,1.46,22.8,3.54
5312,寶島科,櫃,生技醫療業,0.63,66.4,35.9,12.3,13.8,1.37,16.2,0.15,63,23,6.79,30,9.83,33.8,5.08
5314,世紀*,櫃,其他業,0.94,339,34.1,34.3,48.8,32.9,56.3,365,36.9,2,0.23,79.8,5.64,51.8,1.14
5315,光聯,櫃,光電業,0.84,24,35.2,9.83,8.49,2.26,14.1,38.7,27.2,9,6.65,37,13.1,6.61,0.38
5321,美而快,櫃,數位雲端,0.79,22.8,42.2,15.7,10.5,0.71,52.8,-12.7,83.1,-1,0,39.9,1.12,33.3,-1.34
5324,士開,櫃,建材營造業,0.5,24.2,41.7,-3.51,0.59,-0.6,10.8,34.8,83.6,-12,0,37.2,5.71,53.1,3.46
5328,華容,櫃,電子零組件業,1.19,26.4,42.4,4.18,4.08,0.29,39.2,7.21,29.1,2,3.92,40.6,2.35,33.3,-0.57
5340,建榮,櫃,電子零組件業,1.19,90.6,33.1,4.42,4.92,0.98,58.9,17.9,20.9,1,0.43,51.4,49.6,2.79,0.42
5344,立衛,櫃,半導體業,0.95,11.8,37.5,2.22,4.19,-2.84,,-7.38,16.8,-12,0,46.3,0.11,71,-0.5
5345,馥鴻,櫃,其他業,0.1,9.49,34.9,-56.8,-54.8,-2.92,,79.6,2.88,-9,0,40.2,0.04,56,-2.58
5347,世界,櫃,半導體業,0.99,"1,793",30.8,22.2,17.5,2.96,21,10.8,59.2,21,4.69,36.6,12.6,28.2,-1.44
5348,正能量智能,櫃,運動休閒,0.48,2.85,34.8,2.29,2.35,-3.71,,-2.86,34.8,-33,0,51.5,0.02,37,0.89
5351,鈺創,櫃,半導體業,1.36,123,34.6,-13.2,-16.2,-6.27,,-20.2,41.5,-2,0,47.8,6.31,2.5,-2.65
5353,台林,櫃,通信網路業,0.94,19.8,45.4,12,12.1,-0.16,16.8,-5.94,36.8,19,4.95,33.3,1.79,25.1,1.09
5355,佳總,櫃,電子零組件業,0.89,13.8,37,-10.7,-12.4,-7.8,,-10.7,19.5,-10,0,43.1,0.06,5.17,-0.16
5356,協益,櫃,電腦及週邊設備業,0.69,26.2,56.7,5.25,6.29,-2.39,,-10.7,25,20,9.06,21.8,4.3,21.1,11
5364,力麗店,櫃,觀光餐旅,0.92,11.4,35.7,-18.5,-20.8,-2.05,,-5.7,36.3,-8,0,49.6,0.34,68.5,-5.88
5371,中光電,櫃,光電業,1.23,440,33.2,5.69,4.48,0.23,91.5,-5.79,57.4,11,1.33,50.6,10,31.2,-15.6
5381,合正,櫃,電子零組件業,0.88,56.3,34,5.33,7.55,1.35,24.3,-5.57,42,-20,0,43.7,0.51,44.8,-1.55
5386,青雲,櫃,電腦及週邊設備業,1.18,25.1,41.2,14.5,15.8,6.7,16.1,33.2,49.8,10,0.85,46.1,0.86,6.75,15.1
5392,能率,櫃,光電業,1.34,78.2,30.7,1.11,1.28,-0.78,,-8.71,48.5,19,0.45,55.2,2.95,30.7,0.55
5398,慕康生醫,櫃,其他業,0.67,10,47.2,-1.78,-1.25,3.43,107,-2.15,14.5,-3,0,46.9,5.73,23,0.21
5403,中菲,櫃,資訊服務業,0.54,94.1,43.8,24.8,24.9,6.17,14.1,12.9,43.5,25,5.27,21.4,7.09,4.34,10.9
5410,國眾,櫃,資訊服務業,0.87,31,40,14.6,12.8,4.33,15.5,29,51.8,15,4.42,35.5,6.7,21.8,-4.9
5425,台半,櫃,半導體業,1.22,152,46.7,14.1,11.8,1.79,36,28.8,52.8,16,3.51,37.8,10.7,16.7,-3.19
5426,振發,櫃,電腦及週邊設備業,1.21,33.1,53.2,5.06,4.78,-0.78,19.7,32.9,25,1,2.17,49.5,3.41,16.2,1
5432,新門,櫃,綠能環保,1.08,25.8,35.3,8.68,8.04,1.73,111,-6.53,11.3,3,0,50.7,0.79,51.7,4.5
5438,東友,櫃,電腦及週邊設備業,1.14,30.2,28,2.11,2.12,-0.15,20.2,15.4,22.7,25,2.43,64.8,1.88,75.8,0.64
5439,高技,櫃,電子零組件業,1.32,304,37.6,16.1,15.7,6.67,62,120,68.1,23,0.67,57.8,9.08,8.11,-15.8
5443,均豪,櫃,半導體業,1.45,189,46.7,10.4,9.18,3.49,47.9,11.9,53.1,12,1.74,52.5,5.99,27.9,-5.78
5450,南良,櫃,其他業,0.82,16.1,36.1,6.72,6.12,-1.04,22.3,-8.06,51.3,4,3.8,29.7,0.14,75.3,1.22
5452,佶優,櫃,其他電子業,1.22,38.1,34.1,3.58,3.31,0.8,82.6,-9.51,42.1,7,0.98,48,6.97,24,0.75
5455,昇益,櫃,建材營造業,0.71,19.8,34.2,24.9,29.8,18.6,4.48,61.3,58.9,-28,0,43.7,0.05,44.4,27
5457,宣德,櫃,電子零組件業,1.12,78.3,34.9,12.5,11.4,0.58,17.6,11.7,62.2,6,2.9,38.6,34.1,21,-3.8
5460,同協,櫃,電子零組件業,0.95,8.76,52.8,-0.85,-0.09,-1.9,,-14.9,10.5,-4,0,45,2.85,4.33,-1.77
5464,霖宏,櫃,電子零組件業,0.65,16.5,30.2,11.4,9.38,-19.9,,-16.4,73.2,4,4.31,33.9,0.55,9.95,1.85
5465,富驊,櫃,電腦及週邊設備業,1.15,51.6,41.2,12.4,12.2,0.58,22.8,40.6,47.7,7,5.15,47.3,1.39,67.7,0.67
5468,凱鈺,櫃,半導體業,0.82,9.07,31.2,-5.93,-6.01,-2.31,,-10.6,58.2,-27,0,39.8,0.18,41.6,-4.82
5474,聰泰,櫃,電腦及週邊設備業,1.32,74.5,35,15,14.4,2.4,30.1,24.8,26.3,13,2.13,55.2,3.11,31,2.86
5475,德宏,櫃,電子零組件業,1.04,70.3,28.5,-25,-22.6,-1.81,,43.1,62.1,-13,0,64.5,0.91,1.99,-1.44
5478,智冠,櫃,文化創意業,0.66,162,42.2,11.7,12.1,4.18,14,-8.69,47.2,27,7.21,29.4,20.4,40.1,-0.46
5481,新華,櫃,其他業,0.6,16.3,35.3,-1.43,-1.52,-2.19,,1.06,23.2,-3,0,56,28.8,10.5,1.08
5483,中美晶,櫃,半導體業,1.19,795,44.7,20.8,18,1.56,23.4,-4.14,57.5,12,5.24,41.9,17.9,13.7,-9.85
5487,通泰,櫃,半導體業,0.52,7.61,38.9,-2.04,-2.07,-2.6,,-13.2,8.38,-3,0,33.5,0.67,45.6,2.29
5488,松普,櫃,電子零組件業,1.01,9.3,42.3,2.12,1.79,1.58,84.6,-10.7,34.2,-6,0,42.7,2.43,0.05,-0.88
5489,彩富,櫃,其他電子業,0.23,43,34.2,8.69,8.25,0.48,21,-8.09,21,21,4.34,41.3,0.54,32.3,2.02
5490,同亨,櫃,電腦及週邊設備業,0.9,31.6,28.5,-7.37,-5.05,0.82,30.5,7.41,25.1,1,1.06,48.7,3.38,8.8,-0.91
5493,三聯,櫃,其他電子業,1.02,37.4,58.6,14.5,13.9,1.81,33.8,22.6,48.6,27,3.04,39.6,1.32,33.4,5.9
5498,凱崴,櫃,電子零組件業,1.24,38.6,28.6,0.15,0.13,-0.54,,11.8,47.6,1,0.75,56.4,2.38,30.7,-0.74
5508,永信建,櫃,建材營造業,0.86,197,38.5,37.9,41.2,1.64,11.1,-80.9,71.8,21,16,47.8,5.41,67.6,-5.14
5511,德昌,櫃,建材營造業,0.59,69,39.3,15.2,15.6,3.31,7.85,15.8,55.6,27,6.25,21.7,2.45,43.8,11
5512,力麒,櫃,建材營造業,0.68,66.5,33.1,0.19,0.38,0.18,54.2,13.8,58.6,2,2.07,25.4,6.36,40.6,-4.12
5514,三豐,櫃,建材營造業,0.43,41.3,37.7,1.12,1.71,-0.42,53,0.02,51.1,-4,0,23.4,0.04,69.1,-3.29
5516,雙喜,櫃,建材營造業,0.37,7.14,43.7,-14.8,-24.2,2.75,,-0.87,88.2,-1,0,31,0.09,26.2,-0.2
5520,力泰,櫃,建材營造業,0.17,54.9,49.4,19.5,20,6.24,9.34,3.8,30.2,27,6.01,14.7,0.01,71.1,6.62
5523,豐謙,櫃,建材營造業,0.15,46.6,41.4,13.1,10.7,-0.13,,-99.3,38.9,8,1.66,12.3,0.34,76.4,-5.95
5529,鉅陞,櫃,建材營造業,0.58,28.4,54.9,-8.97,-8.63,-2,,5.56,75.4,-10,0,33.1,1.3,60.3,-5.97
5530,龍巖,櫃,其他業,0.6,237,38.5,6.22,6.19,0.26,18.4,13.8,64.8,-3,0,34.6,58,21.7,-2.48
5536,聖暉*,櫃,其他電子業,0.9,991,46.6,24.5,23.8,6.85,34.5,50.1,56.6,16,1.88,52,33.2,13,26.5
5543,桓鼎-KY,櫃,建材營造業,0.38,9.1,15.9,-8.11,-11.5,-6.6,,-7.09,70.7,-1,0,52.6,0.09,20.5,2.36
5548,安倉,櫃,建材營造業,0.64,14.1,49.8,14.7,14,1.59,14.7,9.69,54.6,3,5.76,29.7,0.32,31.7,-3.62
5601,台聯櫃,櫃,航運業,0.38,24.7,52.2,2.05,2.01,0.52,97.7,1.84,26.9,25,0.92,24.4,3.74,29.1,0.47
5603,陸海,櫃,航運業,0.66,21,52.2,9.77,8.96,-0.37,400,-29.4,28.2,5,5,32.5,6.72,19.5,3.23
5604,中連,櫃,其他業,0.34,41,71.1,6.56,8,1.13,15,-0.38,20.6,27,6.1,16.7,2.97,23.7,2.36
5609,中菲行,櫃,航運業,0.64,113,40.1,26.9,21.3,6.6,10.8,13,39.8,25,6.55,21.5,16,22.9,16
5701,劍湖山,櫃,觀光餐旅,0.28,6.71,39.1,-12.1,-12.1,-5.05,,2.77,78.6,-25,0,33.5,0.04,50.5,0.5
5703,亞都,櫃,觀光餐旅,0.48,10.6,48.3,-2.2,1.25,-0.22,55.7,2.31,47.2,-7,0,30.7,6.66,56.8,0.89
5704,老爺知,櫃,觀光餐旅,0.73,10.7,32.8,13.8,11.2,-1.84,,-30.3,19.8,-1,0,31.8,4.76,36.2,-2.25
5864,致和證,櫃,證券業,0.82,63.4,35.9,7.77,10.7,4.38,,-67.7,19.9,9,2.87,28.7,1.96,34,-0.08
5878,台名,櫃,保險業,0.2,10.5,22.9,10.8,10.5,6.56,15.5,4.81,31.9,13,5.5,14.6,0.56,46.8,4.6
5902,德記,櫃,居家生活,0.43,44.6,38.6,16,16,5.05,22.3,4.1,33.1,4,3.5,20.3,1.23,67.3,2.75
5903,全家,櫃,居家生活,0.12,431,37.1,29.3,31.3,4.04,11.1,3.67,88.1,24,5.96,12.1,51,35.1,37.2
5904,寶雅,櫃,居家生活,0.23,490,28.5,39.9,40.7,10,16.9,6.86,79.2,25,5,22.8,23.6,48.1,40.3
5905,南仁湖,櫃,觀光餐旅,0.75,31.3,35.8,-3.6,-3.35,-1.55,,-1.14,56.7,-4,0,37.1,3.54,34.1,-2.54
6015,宏遠證,櫃,證券業,0.59,42.7,63.8,2.02,4.01,-0.23,,-32.5,62,2,4.59,21.9,2.04,18.9,1.98
6016,康和證,櫃,證券業,0.67,87.9,35.2,7.32,9.61,1,,-22.5,79.8,2,1.76,21.9,3.66,24.4,2.6
6020,大展證,櫃,證券業,0.36,47.4,37.3,1.79,3.43,0.54,,-56.4,34.2,2,2.71,13,0.01,65,3.86
6021,美好證,櫃,證券業,0.56,68.6,37.2,3.11,3.98,2.77,,-17.1,73.4,3,8.38,23.4,6.83,57.2,-2.33
6023,元大期,櫃,證券業,0.28,276,28.4,12.3,13.1,3.75,10.7,-16.7,90.9,23,5.56,15.6,1.42,75,12.2
6026,福邦證,櫃,證券業,0.63,44.6,36,4.81,7.17,-0.4,80.4,-43.4,56.5,2,9.77,20.7,2.7,20.9,2.34
6101,寬魚國際,櫃,文化創意業,0.46,42.6,35.9,1.6,2.68,-3.36,,61.2,15.1,-1,0,29.4,0.32,16.8,0.16
6103,合邦,櫃,半導體業,0.22,5.49,29.7,6.17,13,-11.7,32.5,84.5,8.68,1,0.47,36.1,0.69,37.4,2.18
6104,創惟,櫃,半導體業,1.49,112,28.5,14.2,13.3,6.06,19.8,43.1,42,11,2.45,55.5,18.8,5.96,4.56
6109,亞元,櫃,通信網路業,0.77,7.02,35.5,-1.09,-5.49,-4.98,,-4.98,43.2,-1,0,34.9,1.38,15.3,-0.33
6111,大宇資,櫃,文化創意業,0.89,57.4,27.1,5.08,2.46,1.75,105,16.3,52.8,-2,0,36.1,8.16,26,-6.3
6113,亞矽,櫃,電子通路業,1.14,11.7,39.5,5.01,2.37,-1.87,,-14.8,33.1,2,2.25,54.2,0.54,8.66,2.19
6114,久威,櫃,電子零組件業,1.1,14.4,43.2,5.11,4.98,-8.87,44.8,1.23,31.4,1,1.53,55.3,0.84,65.8,13
6118,建達,櫃,電子通路業,1.17,20.1,29.9,2.81,2.81,0.63,34.1,10.1,69.6,-3,0,49.1,2.13,42.6,-4.18
6121,新普,櫃,電腦及週邊設備業,0.95,684,33.4,18.2,16.9,3.33,12.6,0.26,44.3,23,3.08,35.3,35.5,11,54.5
6122,擎邦,櫃,電機機械,0.83,39.8,43.1,19.2,20.8,4.71,11.6,-2.49,56.4,6,6.4,29.9,2.64,14.9,-12.6
6123,上奇,櫃,資訊服務業,0.62,34.5,34.2,20.2,18.7,3.5,17.4,-6.61,53,20,7.28,23.1,2.63,34.1,5.42
6124,業強,櫃,電子零組件業,1.03,49.1,30.7,-2.04,-3.46,-5.39,,16.5,32.3,-26,0,46.1,50.9,41.3,-3.34
6125,廣運,櫃,光電業,1.31,206,49.2,2.86,-0.57,-2.08,,10.8,48.9,12,0.88,42,4.41,14.7,-1.54
6126,信音,櫃,電子零組件業,0.99,33.7,49.1,8.45,6.55,1.08,30.3,4.73,36.9,8,2.87,37.7,1.43,19.2,-3.12
6127,九豪,櫃,電子零組件業,1.15,23.5,33.8,-1.21,-1.72,-2.14,197,3.23,68.9,-1,0,45.9,4.01,3.62,-1.05
6129,普誠,櫃,半導體業,1.15,30.9,39.4,0.9,-1.76,-2.68,,-9.02,18.4,-1,0,46.5,1.78,6.22,-0.56
6130,上亞科技,櫃,生技醫療業,0.74,18.3,31.7,-6.09,-6.84,-3.07,,-21.8,23.4,-1,0,53.7,0.04,34.8,-0.74
6134,萬旭,櫃,電子零組件業,1.39,20.8,38.3,-4.17,-2.49,-1.36,,21.2,44.3,1,0.79,56.8,20.5,26.8,-0.59
6138,茂達,櫃,半導體業,1.15,165,27.9,21.9,19.9,5.37,21.4,21.2,36.5,24,3.88,40.4,15.1,7.22,1.49
6140,訊達,櫃,資訊服務業,0.95,18.3,42.9,6.45,6.38,-10.5,,51.1,71.2,-13,0,63.7,3.51,32,-3.82
6143,振曜,櫃,通信網路業,1.21,127,28.3,16.5,16.9,0.97,27.9,10.3,35.4,20,4.76,46.4,2.86,10.6,19.1
6144,得利影,櫃,文化創意業,1.01,8.23,30.2,-4.72,-5.5,-1.74,,-10.8,11.9,-23,0,75.5,33.5,55.9,-0.09
6146,耕興,櫃,其他電子業,0.76,187,28.4,27.4,25.8,4.63,16.2,-2.24,24.5,25,5.49,27.4,33.7,30.2,14.4
6147,頎邦,櫃,半導體業,0.72,415,28.2,10.9,9.8,0.9,13.8,7.23,14,15,6.73,25.6,21.1,24.1,2.42
6148,驊宏資,櫃,資訊服務業,0.73,21.7,33.7,10.8,11.7,2.37,33.3,32.8,51.9,7,2.96,65.2,4.47,35.7,0.22
6150,撼訊,櫃,電腦及週邊設備業,1.03,38.9,27.9,-8.46,-9.9,2.85,,76.7,62.7,-3,0,40.1,2.53,1.37,9.17
6151,晉倫,櫃,其他電子業,1.12,16.9,43.2,8.72,8.45,2.35,21.4,2.14,43.4,21,4.91,48.5,6.52,15.5,2.82
6154,順發,櫃,電子通路業,0.49,11.4,29.7,4.85,4.23,-0.29,32.3,6.61,39.3,25,4.23,20.8,0.77,42.4,2.52
6156,松上,櫃,電子零組件業,1.06,24.7,37.3,10.1,9.4,-1.16,20.4,35,53.7,10,4.37,47.5,5.79,26.8,2.56
6158,禾昌,櫃,電子零組件業,0.83,13.4,39.7,6.56,6.47,2.93,20.3,-6.64,57.8,10,4.16,28,1.33,27.2,-0.24
6160,欣技,櫃,電腦及週邊設備業,1.01,15.6,36.9,-0.65,-2.18,-1.86,,2.12,38,-2,0,43.8,4.27,10.7,0.45
6161,捷波,櫃,電腦及週邊設備業,1.06,30.8,39.1,14.7,13.9,2.58,21.2,0.04,30.2,12,5.47,37.7,3.51,36.4,1.02
6163,華電網,櫃,通信網路業,1.08,30.7,31.4,4.66,4.48,-3.01,40.8,15.7,54.7,4,2.08,40.3,4.32,20.2,-0.27
6167,久正,櫃,光電業,1.01,20.4,34,8.73,6.28,-0.27,251,24.1,17,4,1.59,43.2,4.57,16.7,-0.15
6169,昱泉,櫃,文化創意業,0.51,4.7,36.4,-4.17,-6.01,-6.91,,40.3,38.8,-13,0,46.9,0.08,26.9,-2.02
6170,統振,櫃,通信網路業,0.82,49.7,48.1,16.3,16.3,4.31,13.6,15.1,62.7,6,6.09,28.9,4.53,31,2.57
6171,大城地產,櫃,建材營造業,0.69,30.1,30.1,19.7,20.7,12.1,3.49,"4,367",47.8,10,8.31,30.2,0.51,43.9,2.06
6173,信昌電,櫃,電子零組件業,1.15,82.7,35.3,7.22,7.19,0.59,23.1,10.9,17.7,11,2.92,35.3,1.82,45.2,5.41
6174,安碁,櫃,電子零組件業,0.81,10.6,34.8,9.79,7.1,-0.84,29.9,39,29.9,4,1.89,48.6,3.75,36.8,-0.94
6175,立敦,櫃,電子零組件業,1.24,61,31.9,13.1,12.8,2.54,13.6,-1.6,25.5,15,4.32,46,18.4,32.1,4.04
6179,亞通,櫃,其他業,0.98,40.5,30.4,-1.12,-0.11,2.06,38.2,49.8,68.8,11,1.44,42.1,5.24,9.16,-18
6180,橘子,櫃,文化創意業,0.59,109,30.3,21.8,24.2,-2.32,56.3,-22.2,40.3,8,9.69,25.4,27.2,18,4.77
6182,合晶,櫃,半導體業,1.32,180,28.2,8.11,5.38,0.18,,11.4,27,-1,0,46.6,9.23,5.58,-1.85
6185,幃翔,櫃,電子零組件業,0.78,24.8,37.4,2.32,2.04,-0.33,,32.2,14.5,22,1.81,33.9,2.09,23.6,2.06
6186,新潤,櫃,建材營造業,0.75,124,27.5,17.6,20.8,13.9,6.85,101,75.2,13,2.39,40.2,2,46.9,24.6
6187,萬潤,櫃,半導體業,1.54,364,29.3,18.6,20.6,6.17,22.3,20.6,37.2,12,2.72,54.3,13,20.3,14.9
6188,廣明,櫃,電腦及週邊設備業,1.38,341,26.6,10.3,9.42,2.33,42.8,17.3,34.2,23,2.86,46.1,6.55,33.5,13.1
6190,萬泰科,櫃,通信網路業,1.15,71.6,47.3,13.5,12.2,2.09,18.8,8.67,50.9,9,4.62,42.4,6.98,15.3,2.21
6194,育富,櫃,電子零組件業,0.91,16.1,42.6,6.25,7.93,0.33,10.7,5.27,22.6,25,6.25,30,4.21,26.9,1.16
6195,詩肯,櫃,居家生活,0.58,14.2,29.9,9.82,8.22,0.56,16,-0.8,64.3,15,5.31,22.2,45,6.42,4.72
6198,瑞築,櫃,建材營造業,0.63,51.1,26.9,1.16,-0.71,-0.04,,-93.6,23.3,-21,0,33.1,0.09,80.4,-6.54
6199,天品,櫃,其他業,0.65,63,32.5,1.88,2.8,-1.29,537,67.9,15.9,-5,0,57.5,4.98,41.2,2.07
6203,海韻電,櫃,電子零組件業,1,53.6,50,16.1,14.9,-2.83,43.7,42.7,29,24,5.38,41.3,2.89,10.3,8.12
6204,艾華,櫃,電子零組件業,1.12,15.2,55.6,48.1,48.9,1.15,52.2,4.16,32,24,0.46,47.5,1.33,30.1,0.24
6207,雷科,櫃,電子零組件業,1.41,48.6,37,8.72,8.62,-0.24,70.1,-6.31,56.3,23,2.46,52.2,4.03,16.3,8.63
6208,日揚,櫃,半導體業,0.78,46.1,28.3,13.4,12.3,2.14,16,-4.91,53,1,4.11,32.2,2.07,29.4,1.8
6210,慶生,櫃,電子零組件業,0.73,6.57,41,-13.7,-18.3,-9.23,,4.71,17.3,-2,0,39.1,0.28,5.17,-0.16
6212,理銘,櫃,建材營造業,0.56,43,47.9,14.9,16.8,1.74,6.15,-42.4,66.7,2,8.29,34.3,0.55,81.4,4.82
6217,中探針,櫃,電子零組件業,1.12,56.7,39.7,-1.39,-4.27,-2.93,,21.7,50.4,-1,0,45.2,3.35,5.66,-2.96
6218,豪勉,櫃,通信網路業,1.22,12.8,46.4,-2.03,-4.3,-1.29,,9.67,48.2,-1,0,46.5,1.54,8.83,1.09
6219,富旺,櫃,建材營造業,0.91,24.9,28.4,-7.07,6.61,-6.42,14.3,-99.5,86,1,0,41.4,1.97,57.8,-17.8
6220,岳豐,櫃,電子零組件業,0.72,27,42,6.75,1.68,-0.42,17.4,-18.8,68.3,11,3.79,30.2,3.37,21.6,1.32
6221,晉泰,櫃,資訊服務業,0.73,59.4,31.2,17.5,17.3,3.85,12.9,21.8,49.5,-2,0,38.7,0.89,77.2,11.8
6222,立軒,櫃,光電業,0.33,12.1,39.1,-2.58,-4.39,-0.58,,7.55,0.71,-20,0,29.1,0.04,40.3,-2.59
6223,旺矽,櫃,半導體業,1.6,"1,508",30.2,21.3,22.7,6.33,55.5,36.3,53.3,15,1,58.4,20.4,14.9,1.6
6227,茂綸,櫃,電子通路業,1.39,68.9,46.6,20,18.9,-0.73,17.3,54.8,65.7,24,4.2,61.2,12.3,68.7,-4.95
6228,全譜,櫃,電腦及週邊設備業,0.75,7.81,32,-12.1,-11.5,-6.41,,6.68,37.5,-21,0,68.3,0.24,66.8,-0.43
6229,研通,櫃,半導體業,1.13,10.6,33.6,5.02,3.57,-2.21,,26.2,57.5,24,3.81,40.9,1.68,16.9,-3.84
6231,系微,櫃,資訊服務業,1.27,128,27,27.8,28.4,4.95,42,6.21,46.3,18,2.31,51.6,13.3,17.1,8.53
6233,旺玖,櫃,半導體業,1.25,17.8,27.9,2.23,1.99,-0.6,183,-4.54,11.7,3,1.63,41.6,2.83,1.03,-0.11
6234,高僑,櫃,光電業,1.11,25.2,35.4,5.14,4.61,-3.11,,-33.7,36.3,14,1.79,46.7,10.9,22.8,0.72
6236,中湛,櫃,其他業,0.08,11.8,28,-16,-14.9,0,2830,-17,8.69,-26,0,32.3,0.02,88.4,0.2
6237,驊訊,櫃,半導體業,1.41,36.2,33.8,-4.92,-3.94,-3.95,,9.07,6.69,14,0.55,53.4,3.03,5.7,-2.32
6240,松崗,櫃,資訊服務業,0.51,4.4,28.4,4.22,2.34,-3.77,,-3.61,58,-22,0,32.4,0.24,53.3,0.46
6241,易通展,櫃,通信網路業,1.08,6.23,33.5,-8.43,-6.49,-6.49,,11.5,41.7,-10,0,50.9,0.58,36.5,-2.29
6242,立康,櫃,生技醫療業,0.64,13,40.4,16.7,14.3,3.03,15.2,7.42,25.5,10,4.88,25.3,0.55,61,3.74
6244,茂迪,櫃,光電業,1.07,69.7,44.3,5.91,5.62,0.13,54.5,-7.85,54.6,5,2,41.9,11.4,4.78,-0.77
6245,立端,櫃,通信網路業,1.16,122,38.9,20.2,18.2,1.82,15.9,-4.63,36.3,25,4.83,39.1,10.7,24.1,-1.38
6246,臺龍,櫃,光電業,0.79,5.87,42.9,-3.58,-6.53,4.36,,13.8,71.1,-2,0,56.1,1.42,25.9,1.8
6248,沛波,櫃,鋼鐵工業,0.62,20.2,41.3,17.2,15.2,1.44,15.2,-15.9,51.2,6,8.89,21.9,2.48,42.4,-11.9
6259,百徽,櫃,電子零組件業,0.54,4.3,31.8,6.22,5.34,-0.48,45,26.5,33.1,4,0,30.2,40.3,0.46,0.19
6261,久元,櫃,半導體業,0.58,78.9,34.2,9.12,8.17,0.62,20.3,-2.62,22.1,23,0,22.2,3.82,26.4,-4.32
6263,普萊德,櫃,通信網路業,0.81,90.3,32.7,31,31.4,8.39,17.1,2.75,39.2,23,5.47,26,1.59,29.5,8.87
6264,富裔,櫃,建材營造業,0.62,10.5,28.2,-18.9,-13,-3.43,,-73.9,78.7,-19,0,37.1,0.03,36.3,-4.91
6265,方土昶,櫃,電子通路業,1.02,15.2,27.7,-0.87,-0.67,-9.14,,16.9,10.3,-9,0,40,3.06,33.1,2.2
6266,泰詠,櫃,電子零組件業,0.6,46.5,35.6,15.5,15.2,2.48,13.9,2.36,35.9,15,5.91,20.9,3.44,19.2,-3.23
6270,倍微,櫃,電子通路業,1.04,16.7,32.9,5.38,3.82,0.39,20.1,9.09,32.5,24,4.32,33.3,2.1,7.43,2.51
6274,台燿,櫃,電子零組件業,1.27,825,51.3,12.6,14.2,4.96,29,26.7,48,22,2.23,49,28.6,7.2,4.38
6275,元山,櫃,電子零組件業,1.12,35.6,38.5,16.6,16.3,3.68,16,10.2,57.2,5,5.03,36.7,1.76,6.71,0.55
6276,安鈦克,櫃,電腦及週邊設備業,1.2,10.1,46.9,1.56,-2,-5.03,,31.7,65,-1,0,61.6,0.54,44.3,-0.92
6279,胡連,櫃,電子零組件業,0.9,155,48.2,18.1,18.2,1.11,12.8,13.5,43.1,25,4.6,33.6,17,7.02,0.25
6284,佳邦,櫃,電子零組件業,1.14,107,27.2,11.7,12.2,-0.69,16.1,7.98,47.9,12,3.76,35.7,2.88,43.6,0.39
6290,良維,櫃,電子零組件業,1.09,189,53,15.1,14.9,2.7,18.4,30.5,41.3,17,4.2,40.9,6.22,10.9,1.41
6291,沛亨,櫃,半導體業,1.1,66.8,33.7,23.5,20.9,0.81,45.8,9.03,38.5,3,3.65,58.2,0.17,44.4,5.02
6292,迅德,櫃,電子零組件業,0.75,19,39.3,17.7,17.3,-1.59,,-10.5,35.5,24,9.8,28.1,1.5,38.5,
6294,智基,櫃,文化創意業,0.62,13.8,28.7,24.1,19.6,10.5,26.6,-5.26,61.2,10,6.03,35.9,1.75,23.1,5.11
6411,晶焱,櫃,半導體業,1.1,75.3,19.7,8.91,8.55,0.94,21.4,-8.65,23.3,14,4.2,33.6,6.25,14.8,2.73
6417,韋僑,櫃,通信網路業,0.76,47.1,26.5,12.4,12.1,1.67,25.7,8.3,43,13,1.97,27,9.5,33.7,5.14
6418,詠昇,櫃,電子零組件業,1.06,17.6,37.6,7.56,7.86,3.96,49.1,-7.12,49.3,3,2.15,46.2,0.53,3.4,1.57
6419,京晨科,櫃,光電業,1.02,7.25,19.1,24.5,27.5,-8.01,12.7,-35,39.1,3,4.9,50.7,9.19,24.4,-0.03
6425,易發,櫃,電機機械,1.19,25.9,37.1,0.27,0.12,-5.1,,-30.6,57.6,13,1.88,58.1,1.54,22.9,-2.27
6432,今展科,櫃,電子零組件業,0.74,8.95,24.6,5.59,5.7,-3.17,154,9.48,40.3,12,5.05,26.5,1.18,12.7,7.89
6435,大中,櫃,半導體業,1.05,39.2,17.1,17.7,14.4,2.41,15.9,26.5,29.4,12,4.12,35.9,6.38,43.4,7.31
6441,廣錠,櫃,電腦及週邊設備業,0.97,14.6,13.8,-5.34,-7.28,-10.4,,-46.3,33.9,-5,0,48.3,1,33.1,-1.51
6461,益得,櫃,生技醫療業,0.85,29.5,14.9,-31.9,-33.6,-3.57,,238,58.6,-11,0,41.3,0.65,43.4,-2.58
6462,神盾,櫃,半導體業,1.4,116,17.7,-13.3,-13.6,-4.9,,17.7,46.2,-2,0,53.3,13.8,3.7,-37.3
6465,威潤,櫃,通信網路業,0.32,7.89,15.7,-25,-22.5,-3.69,,11.8,15.2,-6,0,45.8,0.17,56.4,0.43
6469,大樹,櫃,生技醫療業,0.7,202,24.3,24.1,21.7,4.47,27,10.7,73,12,2.44,33.5,7.69,40.2,-1.29
6470,宇智,櫃,通信網路業,1.02,15.5,21.3,17.8,15.4,-5.37,20.1,19.4,40.4,11,6.09,37.7,6.72,1.94,6.19
6482,弘煜科,櫃,文化創意業,0.47,11.8,15.9,18.7,19.3,0.98,11.3,4.19,26.9,3,2.43,40.7,4.64,49.6,3.63
6485,點序,櫃,半導體業,1.26,32.3,17.6,8.14,3.71,-0.61,549,17.2,18.2,6,0.7,56.6,9.66,6.61,5.68
6486,互動,櫃,通信網路業,0.53,37.8,22.4,16.3,15.9,2.79,14.5,-13.5,43.2,11,7.9,19.4,4.67,43.9,7.13
6488,環球晶,櫃,半導體業,1.23,"2,414",13.9,25.3,21.8,1.91,36.8,-2.28,58.9,11,2.18,44.3,15.3,48.2,-13.2
6492,生華科,櫃,生技醫療業,0.85,35.8,12.8,-21.6,-22.5,-6.01,,0,4.31,-12,0,40.3,4.87,21.4,-2.9
6494,九齊,櫃,半導體業,1.03,11.7,18.9,12.7,9.72,-5.02,,-20.4,19.4,11,6.38,34.7,5.58,8.62,4.66
6496,科懋,櫃,生技醫療業,0.68,14,37.2,-6.69,-7.8,-5.19,,0.23,36.7,-4,0,32.8,0.37,31.7,-5.7
6498,久禾光,櫃,光電業,,47.6,21.9,28.1,28.3,3.88,16.2,26.3,36.9,6,2.61,,0.61,50.3,6.11
6499,益安,櫃,生技醫療業,0.73,88.8,12.7,-33.1,-38.6,-15.2,,39.2,20.1,-2,0,55.4,12.6,41.3,-2.16
6506,雙邦,櫃,紡織纖維,0.73,13,35.8,7.28,4.69,0.67,29.8,1.51,50.9,16,5.06,33.2,1.24,9.5,1.49
6508,惠光,櫃,農業科技業,0.49,21.2,59.8,6.68,5.21,-1.03,98,-1.39,17.7,24,4.08,18,0.79,32.6,2.14
6509,聚和,櫃,化學工業,0.86,66.5,50.6,13.6,12.4,2.46,14.9,5.02,33.3,16,3.96,27.3,5.01,14.8,2.83
6510,精測,櫃,半導體業,1.39,520,20.1,5.33,4.74,2.59,60.1,59.7,13.8,12,0.49,57.5,24,36.1,31
6512,啟發電,櫃,其他電子業,0.47,5.28,19.5,-2.24,-4.21,-2.35,,-4.65,7.75,-2,0,33.1,0.14,17,0.34
6516,勤崴國際,櫃,資訊服務業,0.63,37.3,17.7,7.16,7.18,1.66,44.7,27.7,24.8,11,3.34,26.9,0.69,26.6,3.55
6517,保勝光學,櫃,光電業,0.89,21,55.1,21.6,20.3,-2.78,36.5,-3.93,20.2,4,2.18,55.1,6.89,11.8,7.55
6523,達爾膚,櫃,生技醫療業,0.5,56.3,22.5,27.7,29.4,-0.21,14.5,-0.92,22.4,11,4.8,21.9,4.96,60.2,12.1
6527,明達醫,櫃,生技醫療業,0.58,22,15.9,14.1,13.9,4.02,15.9,5.38,21.6,11,2.6,23.9,0.1,36.7,-0.98
6530,創威,櫃,通信網路業,1.42,21.6,23.4,10.9,11,2.63,37.2,19.4,21.4,10,2.42,57.9,7.47,0.43,3.79
6532,瑞耘,櫃,半導體業,1.13,22.8,27.5,16.1,15,-0.02,16.8,-1.13,20.8,11,4.26,39.6,3.75,13,4.72
6535,順藥,櫃,生技醫療業,1.05,527,24.9,-22.9,-22.9,-8.68,,-2.46,7.04,-11,0,66.2,5.76,49.4,-5.94
6538,倉和,櫃,電子零組件業,1.01,32.1,31.5,15.1,16.3,0.86,20.9,-36.8,45.6,12,8.32,35.4,3.41,14.7,15.2
6542,隆中,櫃,文化創意業,0.81,20.8,14.8,12.6,11.6,-1.1,707,-0.39,22.6,2,3.7,41.4,19,27.5,-0.77
6546,正基,櫃,通信網路業,1.31,52.5,24.8,18,15.2,-0.92,32.6,1.04,40.8,6,4.45,54.4,3.8,35,1.7
6547,高端疫苗,櫃,生技醫療業,0.65,129,12.9,-19.5,-14.8,-2.69,,2.13,11.4,-10,0,44.6,6.6,24.3,-2.72
6548,長科*,櫃,半導體業,0.78,337,15.7,21.2,19.1,1.08,22.3,12.3,53.1,11,3.83,29.7,4.79,66.4,2.14
6556,勝品,櫃,光電業,0.74,21.3,15,18.4,17.4,2.04,12.7,-23,30.8,10,5.67,32.8,0.68,53.8,4.54
6560,欣普羅,櫃,光電業,0.97,10.7,26,0.21,-1.08,-8.52,,147,9.84,-2,0,55.6,4.66,2.99,-1.39
6561,是方,櫃,通信網路業,0.79,335,34.7,27.1,27.5,10.7,27.5,11,55,10,2.91,30.7,10.4,62.7,7.07
6568,宏觀,櫃,半導體業,1.14,35.8,18.9,6.4,6.41,0.33,36.2,4.43,10.8,11,1.76,46,3.32,36.7,4.22
6569,醫揚,櫃,生技醫療業,1.06,50.8,15.6,15.3,14.3,1.56,41.1,13.9,31.2,11,3.05,41.1,3.08,55.6,3.12
6570,維田,櫃,電腦及週邊設備業,1.15,16.8,21.4,14.5,11.6,1.28,35.4,-2.21,40.9,10,3.31,40.5,2.25,25.7,-2.83
6574,霈方,櫃,生技醫療業,0.49,16.5,23,10.6,11.1,4.37,13.4,9.39,31,10,0,51.1,0.16,59.4,-0.08
6576,逸達,櫃,生技醫療業,0.78,128,12.6,-71.5,-77.8,-28.6,,47.4,37.9,-10,0,31.2,23.4,10.7,-9.53
6577,勁豐,櫃,電腦及週邊設備業,0.89,43.6,25.3,23.5,26.2,2.07,13.7,-8.88,45.9,11,8.26,35.2,1.53,73.4,3.39
6578,達邦蛋白,櫃,農業科技業,0.45,16.9,23.7,-4,-2.28,-1.39,,-16.9,16.2,3,1.7,30.1,2.22,39.2,-0.02
6584,南俊國際,櫃,電子零組件業,1.35,148,41.3,6.27,6.25,0.37,87.9,21.8,46.6,4,0.67,57.9,8.02,33.1,0.25
6588,東典光電,櫃,通信網路業,0.98,10.2,25.3,-10.7,-14.1,-4.06,,37.2,22.9,-3,0,49.1,0.98,32.6,-4.06
6590,普鴻,櫃,資訊服務業,0.48,17.7,25.2,17.9,17.5,5.75,15.4,16.2,31.7,9,3.44,27.5,0.08,49.6,6.31
6593,台灣銘板,櫃,資訊服務業,0.89,13.6,54.8,3.05,3.25,-3.2,,-32.9,19.1,9,0.91,57.1,1.77,37.4,1.11
6596,寬宏藝術,櫃,文化創意業,0.67,57.6,20.9,15.6,19.3,7.99,16.6,101,62.1,3,4.62,43.7,10.4,29.2,0.16
6597,立誠,櫃,電子零組件業,,16.2,14.7,14.9,17.6,-3.39,19.6,-12.8,30.9,4,4.88,,0.01,74,-4.93
6603,富強鑫,櫃,電機機械,0.82,28.3,34.2,3.68,2.94,-0.13,113,3.96,69.7,15,1.76,29.6,4.49,5.95,-1.09
6609,瀧澤科,櫃,電機機械,1.21,30.6,54.2,9.58,8.23,-2.91,47.4,-7.6,32.2,25,1.82,56.6,55.1,0.51,-3.71
6612,奈米醫材,櫃,生技醫療業,0.85,44.9,14.2,6.89,5.07,-1.5,42.9,43.2,41.9,8,0.32,35.3,26.5,14.7,-13.1
6613,朋億*,櫃,其他電子業,1.02,139,28.3,28.1,27.5,3.84,11,-11.2,45.2,10,6.65,40.4,7.38,58.4,27.5
6615,慧智,櫃,生技醫療業,0.73,6.6,13.3,3.95,3.3,-0.06,,-17.7,15.6,9,0.98,35.1,0.37,40.5,0.39
6616,特昇-KY,櫃,居家生活,0.49,3.55,9.3,-3.99,-7.71,-3.98,,-11,43.1,-2,0,24,56.7,0.18,1.9
6617,共信-KY,櫃,生技醫療業,1.11,133,11.5,-12.2,-8.45,-0.79,,11,8.69,-9,0,48.1,38.3,8.95,-9.89
6624,萬年清,櫃,綠能環保,0.23,7.2,26.6,5.96,5.19,-0.56,31.1,2.51,54.4,3,1.59,23.1,0.2,35.2,1.06
6629,泰金-KY,櫃,居家生活,0.82,45.6,9.6,21.6,24,-3.03,17.9,-12.6,31.9,7,3.53,42.1,77.1,5.21,1.49
6637,醫影,櫃,生技醫療業,0.78,22,33.4,23.1,22.9,7.71,10.6,78.1,38.4,8,4.42,43.7,0.23,49.2,-8.2
6640,均華,櫃,半導體業,1.38,207,14.9,18.7,19.8,7.1,58.1,20.2,67,9,2.05,59.4,3.46,67.9,-2.26
6642,富致,櫃,電子零組件業,0.82,20.9,25.8,11.5,11.1,0.92,20.4,7.6,28.2,8,4.47,30.2,0.93,56.6,0.69
6643,M31,櫃,半導體業,1.32,205,13.9,16.9,13.4,-2.23,,10,12.1,8,0.41,49.4,13.1,6.11,1.26
6649,台生材,櫃,生技醫療業,0.76,25.6,12.9,1.48,0.38,-0.99,95.2,130,9.86,-2,0,45.5,2.81,19.9,1.35
6651,全宇昕,櫃,半導體業,1.09,24.7,23.4,22.8,21.8,1.38,10.8,12.4,27.5,8,9.8,37.4,7.13,18.1,8.75
6654,天正國際,櫃,其他電子業,0.63,24.2,12.7,-3.96,-5.81,-4.97,,23.7,63.4,-2,0,33.5,0.47,72,-4.88
6661,威健生技,櫃,生技醫療業,0.62,5.2,22.6,0.77,0.29,-0.22,223,17.2,46.1,-2,0,37.2,0.05,60.7,0.79
6662,樂斯科,櫃,生技醫療業,0.28,8.58,24.4,9.93,10,3.04,17.4,-8.48,30.1,8,4.48,24.2,0.18,10.7,2.58
6664,群翊,櫃,電子零組件業,1.39,150,35.7,28.1,28.2,2.52,17.9,-1.66,60.3,8,4.01,47.7,3.57,25.5,-8.94
6667,信紘科,櫃,其他電子業,1.35,133,29.9,21.7,23.1,8.92,21.8,85.2,66.4,9,3.17,50.9,4.71,45.4,-16.2
6679,鈺太,櫃,半導體業,1.36,123,19.8,10.7,9.66,-1.8,55.5,-6.53,13.3,8,4.11,46,7.39,34.5,16.1
6680,鑫創電子,櫃,電腦及週邊設備業,0.84,16.2,16.5,17.1,17.2,-5.28,39.1,-21.4,65,8,4.48,36.2,0.27,53.8,-13.5
6683,雍智科技,櫃,半導體業,1.4,110,19,19.1,19,1.3,28,28.2,25.1,8,2.49,50.1,13,19.1,4.01
6684,安格,櫃,半導體業,1.27,27.1,14.9,-10.9,-14,-1.72,47.1,-16,8.17,-2,0,50.6,2.04,33.4,-0.13
6690,安碁資訊,櫃,數位雲端,0.92,54,25.3,13,12.2,2.56,21.1,12.5,36.2,7,3.33,33.1,4.06,62.8,13.5
6692,進能服,櫃,綠能環保,0.74,19.6,10.9,9.11,6.26,0.59,13.9,34.6,47.4,7,1.5,38.4,0.76,57.2,-0.67
6693,廣閎科,櫃,半導體業,0.65,27.4,17.9,9.26,9.27,-6.04,,27.8,37,5,3.34,30.7,9.57,26.7,-0.6
6697,東捷資訊,櫃,資訊服務業,0.81,13.6,34.8,11.7,12.1,4.63,15.9,15.2,38.4,7,4.23,40.4,0.27,64.3,2.93
6703,軒郁,櫃,生技醫療業,0.72,38.8,16.3,24.9,25.4,7.07,14.5,-14.9,43.5,7,8.51,37.7,11.9,27.8,13.2
6708,天擎,櫃,半導體業,0.94,11.7,24.6,-0.07,-1.91,-0.42,,51.6,10.2,-1,0,48.2,3.21,32.9,-0.76
6712,長聖,櫃,生技醫療業,0.62,144,8.8,20.2,21.8,7.51,35.5,14.4,25.5,4,3.12,22.3,3.89,29.5,7.07
6716,應廣,櫃,半導體業,0.93,15.3,20.6,16.5,15,1.19,33.8,-18.1,36.8,7,6.63,39.7,0.69,9.71,8.09
6720,久昌,櫃,半導體業,,40,14.1,14,17.7,0.64,26.2,-8.46,23.8,6,2.86,,0.81,25.2,8.06
6721,信實,櫃,其他業,0.3,13.9,17.1,14.3,14.8,3.97,12.8,9.11,45.3,7,4.86,18.4,0.04,39,1.61
6727,亞泰金屬,櫃,電子零組件業,1.03,50.1,51.9,15.3,13.5,1.9,48.4,-5.97,63.7,7,1.61,53.6,4.99,8.85,8.66
6728,上洋,櫃,居家生活,0.38,43.4,23.7,25.5,23.1,5.08,12,39.1,56.7,7,5.56,30.4,0.91,38.9,-17
6732,昇佳電子,櫃,半導體業,1.24,117,15.8,14.9,14,1.57,31.2,-6.14,23.2,6,4.19,44.3,3.43,48.3,25.1
6733,博晟生醫,櫃,生技醫療業,0.85,49,9.2,-19,-16.9,-3.25,,36.2,6.92,-6,0,39.2,0.5,40.9,0.6
6735,美達科技,櫃,其他電子業,1.01,37.5,23.4,7.99,7.42,-2.93,1015,-32.6,22,7,2.22,46.5,0.41,36.3,-1.11
6739,竹陞科技,櫃,其他電子業,1.27,182,8.2,17.1,19.3,9.48,86,93.2,31.1,3,0.64,67.1,2.47,34.6,-2.71
6741,91APP*-KY,櫃,數位雲端,0.89,97.7,12.2,15,15.5,3.23,19.2,10.2,39.3,4,2.15,33.8,49.6,11.1,12
6747,亨泰光,櫃,生技醫療業,0.51,53,49.4,15.9,14,-3.32,87.4,-0.15,11.7,6,4.71,27.2,0.91,45.7,8.88
6751,智聯服務,櫃,資訊服務業,0.91,9.97,8,9.11,6.93,2.48,57.6,18.3,39.1,6,2.23,45.3,0.11,62.8,-1.64
6752,叡揚,櫃,資訊服務業,0.88,50.5,38.5,19.2,19,6.51,18.4,16.8,48.7,6,2.72,47.4,3.05,24.7,5
6761,穩得,櫃,電子零組件業,1.17,55.2,46.2,15.9,15.7,3.02,22.9,3.09,35.7,6,3.56,44.4,4.32,34.5,0.35
6762,達亞,櫃,生技醫療業,0.65,77.5,20.8,8.96,6.95,0.08,144,38.4,55.8,6,0.14,27.5,5.22,38.7,2.24
6763,綠界科技*,櫃,數位雲端,1.07,107,29.3,17.3,15.3,3.59,26.3,6.88,59.1,7,1.64,54.2,1.71,56.2,1.88
6767,台微醫,櫃,生技醫療業,0.61,12.2,15.7,-4.76,-6.37,-1.3,,5.54,18.1,-6,0,31.4,0.25,45,-5.35
6785,昱展新藥,櫃,生技醫療業,0.95,141,9,17.2,16.6,-1.02,,,3.04,2,0.12,46.9,8.5,15.8,13.1
6788,華景電,櫃,半導體業,1.36,101,25,21.5,21.9,7.42,16.7,24.8,34.5,6,3.83,49.4,10,16.7,11.6
6791,虎門科技,櫃,資訊服務業,1.51,26.6,45.1,18.5,18.4,5.15,32,19.1,34.7,5,2.73,70,11.8,43.5,4.83
6803,崑鼎,櫃,綠能環保,0.26,206,25.8,20.6,20.5,5.25,16.2,14.9,57.2,18,5.37,11.6,3.14,56.8,-31.2
6804,明係,櫃,運動休閒,0.77,7.19,39.7,7.44,3,-5.07,,-31,42,5,4.87,32.5,5.25,36.6,-5.91
6811,宏碁資訊,櫃,數位雲端,1.04,103,13.6,28.6,27.5,6.95,18.3,12.6,67.3,5,3.82,39.9,2.22,68.4,14.8
6821,聯寶,櫃,電子零組件業,0.97,11.8,37,8.73,7.6,0.4,33.6,20.7,36.7,5,2.64,51.2,1.09,23.6,0.22
6823,濾能,櫃,半導體業,0.98,18.3,11.5,-5.16,-13.9,1.37,,37.6,47.2,-2,0,52.6,27.5,35.9,-8.31
6829,千附精密,櫃,半導體業,1.08,74,5.2,16.5,15.9,0.63,28.2,22.4,34.3,4,4,50.6,8.47,68.7,-0.71
6840,東研信超,櫃,其他電子業,0.67,20.7,37.9,4.59,1.48,0.86,402,4.54,38.9,1,0.44,37.4,0.74,39.3,-0.19
6841,長佳智能,櫃,生技醫療業,1.06,71.6,7.2,2.7,1.47,1.22,104,1.69,5.54,3,1.36,40.3,0.96,42.4,3.7
6843,進典,櫃,電機機械,0.55,20.3,47.1,15.4,13.7,1.48,25.7,3.28,43,5,3.28,31.5,0.21,61.8,2.78
6844,諾貝兒,櫃,生技醫療業,0.34,35.3,27.9,9.11,6.72,-0.27,35.9,2.11,37.4,4,5.4,21.4,0.01,44.2,-1.42
6846,綠茵,櫃,食品工業,0.54,20.9,13.2,20.6,19.3,2.25,14.6,6.77,51.4,5,4.65,24.5,0.13,58.7,-14.7
6855,數泓科,櫃,其他電子業,0.8,29.1,19.2,22.4,23.4,-2.25,19.6,6.61,37.8,5,4.8,38,0.47,54.8,9.76
6856,鑫傳,櫃,文化創意業,0.38,15.1,28.1,17.8,15.9,1.33,20.5,34.2,29.4,4,6.34,28.2,0.04,81.4,-1.92
6859,伯特光,櫃,光電業,1.09,47.3,21.9,9.26,7.71,-1.7,47.7,64.3,11.6,4,2.19,55.1,15,33.6,2.68
6865,偉康科技,櫃,數位雲端,0.69,8.12,27.3,11.9,9.98,2.68,23.1,-4.39,38,4,1.93,50.9,0.13,46.1,4.72
6870,騰雲,櫃,數位雲端,1.02,57.8,9.5,10.8,10.4,1.54,47.9,22.6,50.7,5,1.74,53.2,1.18,61.1,-28
6872,浩宇生醫,櫃,生技醫療業,,14.9,10.5,-15.9,-17.6,-6.05,,-41.6,7.19,-4,0,,0.33,43,-3.06
6874,倍力,櫃,資訊服務業,0.78,16.5,26,20.8,20,4.11,19.1,-30.2,70.3,5,5.39,34.2,0.66,37.5,12.5
6875,國邑*,櫃,生技醫療業,0.94,59.4,25.3,-17.1,-11.7,-7.53,,105,10.3,-4,0,41.6,2.34,41.6,-8.02
6877,鏵友益,櫃,其他電子業,1.17,42.3,11,3.04,3.52,0.85,176,7,29.3,1,0.11,57.4,7.11,43.4,-0.09
6881,潤德,櫃,其他業,0.46,34.6,33.9,29.1,30.6,8.38,13.3,29.9,60.6,4,6.49,24.6,0.1,70,5.3
6894,衛司特,櫃,綠能環保,0.95,47.5,24.7,16.2,14.9,4.03,22.5,51.2,27.3,4,3.41,36.1,0.87,51.2,9.87
6895,宏碩系統,櫃,半導體業,1.32,86.4,22.7,12.6,10.8,2.34,87.4,111,19.3,4,0.91,61.1,2.28,37.5,7.77
6899,創為精密,櫃,光電業,0.37,21.9,25.3,10.7,9.76,0.86,17.1,21.9,23.2,3,4.7,18.8,5.18,51.7,2.36
6903,巨漢,櫃,其他電子業,0.99,90.3,35.9,48,34.3,3.9,22.3,-25.4,35.4,3,5.9,40.6,0.35,35.5,-5.4
6904,伯鑫,櫃,其他業,0.61,23,41.4,23.3,21.2,0.16,18.1,1.42,40.5,3,7.23,26.1,0.05,66.1,12.2
6913,鴻呈,櫃,電子零組件業,,63.8,31.1,22.5,17.6,2.5,31.4,28.5,41.9,4,1.38,,0.86,31.4,-8.85
6922,宸曜,櫃,電腦及週邊設備業,1.48,55.8,15.2,23.2,20.8,1.55,32.1,24,54.3,4,2.32,57,1.93,34.8,4.94
6925,意藍,櫃,數位雲端,,27.5,18.5,19.5,18.6,4.18,49.1,11.6,13.7,3,1.45,,0.09,63.1,-2.04
6929,佑全,櫃,生技醫療業,0.48,14.2,25.4,3.5,0.13,-0.6,,-1.5,63.9,-1,0,34,0.04,88.2,5.72
6953,家碩,櫃,半導體業,1.07,61.2,9.2,36.5,30,3.38,26.6,-8.62,38.3,3,2.94,38,0.11,54.5,-7.73
6967,汎瑋材料,櫃,電子零組件業,,14.4,33.5,13.8,12.6,2.59,19.9,-2.21,35.8,2,4.83,,0.12,53.4,5.51
6968,萬達寵物,櫃,居家生活,0.6,30.8,14.3,15.9,14.7,2.26,25.8,11.8,66.4,3,1.61,28.7,0.46,19.7,7.07
6982,大井泵浦,櫃,電機機械,,28.2,47.4,13.5,12.9,0.12,40.9,0.23,68,2,3,,1.27,60.3,-12.5
6996,力領科技,櫃,半導體業,,66,15.8,29.8,28.1,4.3,13.6,-16.9,18.7,2,8.03,,0.57,56.5,5.28
6997,博弘,櫃,數位雲端,,22.5,18.9,29.4,28.3,2.89,23.3,6.06,66.8,2,4.9,,20.2,65.9,2.47
7402,邑錡,櫃,光電業,1.11,52.5,21.9,10.3,8.78,-3.07,552,0.64,26.9,12,1.21,58.7,5.57,6.06,-0.36
7547,碩網,櫃,數位雲端,,31.9,26.3,7.5,8.74,2.73,41.5,11,16.6,6,1.39,,23.9,40.4,2.69
7556,意德士,櫃,半導體業,1.07,46.3,26.2,14.7,14.5,4.74,24.3,21.9,26.4,6,1.89,48.4,3.22,42.5,-3.14
7584,樂意,櫃,文化創意業,0.55,8.76,13.3,20.1,18.2,-3.02,19.2,9.85,41.3,5,7.52,37.3,15.5,52.5,-5.42
7642,昶瑞機電,櫃,電機機械,,33.2,14,36.5,28.8,2.2,20.2,0.53,37.9,2,4.55,,0.01,32.4,1.87
7703,銳澤,櫃,其他電子業,,82,17.8,25.7,18.8,5.06,27.3,39.1,30.7,2,2.33,,0.39,62.2,-3.38
7704,明遠精密,櫃,半導體業,,17,15,13.9,11.5,0.86,28.8,-12,14.8,2,4.48,,0.12,42.7,1.76
7708,全家餐飲,櫃,觀光餐旅,,25.4,15,14.1,14.7,4.23,17.7,13.7,50.6,2,4.52,,0.2,81.2,1.36
7709,榮田,櫃,電機機械,,15,38.3,10.9,11.4,-0.87,12.5,-24.8,30.1,2,6.01,,0,78.7,7.53
7712,博盛半導體,櫃,半導體業,,46.9,11.4,24.7,19.4,1.18,29.3,-5.81,31.5,2,2.78,,1.07,25.2,-13.3
7713,威力德生醫,櫃,生技醫療業,,33.2,22.4,23.5,21.3,4.71,18.5,7.59,48.9,2,4.62,,0,79.5,2.3
7714,創泓科技,櫃,數位雲端,,32.4,14.7,37.8,37.1,6.48,27.8,61.8,44.4,2,2.91,,0.48,69.6,8.25
7715,裕山,櫃,綠能環保,,12.4,31.9,21.2,19.7,3.39,8.02,-14.4,42.6,2,8,,0.4,43.7,35
7718,友鋮,櫃,鋼鐵工業,,22.4,24,23.6,21.5,-0.89,15,-2.22,30,2,7.24,,0.61,49.2,8.42
7723,築間,櫃,觀光餐旅,,19.1,4.8,45.2,31.5,-4.97,92,-12.6,74.8,3,5.31,,0.15,54.6,-1.33
7728,光焱科技,櫃,其他電子業,,42.3,16.6,32.6,33.5,0.34,58.3,-21.8,24.7,2,2.3,,0.34,62.5,6.52
7734,印能科技,櫃,半導體業,,304,18,39.5,34.7,2.62,38.1,38.2,23,2,2,,0.68,31.2,-111
7743,金利食安,櫃,食品工業,,9.61,14.3,10,10.3,-0.54,22.1,15.9,36.4,2,5.31,,2.83,45.1,0.7
7747,昕奇雲端,櫃,數位雲端,,39.5,7.9,19.1,19.7,4.72,33.2,15.1,43.3,2,2.39,,0.7,65.6,6.69
7751,竑騰,櫃,半導體業,,136,30.7,26.8,24.1,9.07,,51.4,55.6,2,1.97,,1.6,37.2,
7753,星亞,櫃,光電業,,13.3,4,30,26.5,6.33,,19.7,53.7,2,2.49,,0.02,70.5,
8024,佑華,櫃,半導體業,0.74,6.25,33.1,-0.31,-4.23,-7.84,,-31.2,6.95,-2,0,35.9,2.19,2.91,-1.16
8027,鈦昇,櫃,電機機械,1.43,104,30.9,4.7,1.64,-4.53,,-14.6,37,-1,0,49.4,2.24,1.97,-1.56
8032,光菱,櫃,電子通路業,1.31,24,38.1,6.19,5.42,-0.06,27.6,23.6,37.5,26,2.37,64.9,1.39,63.4,2.1
8034,榮群,櫃,通信網路業,0.99,14.1,33.4,9.07,9.57,4.15,18.5,92.7,23.8,4,3.22,43.3,2.44,0.59,4.53
8038,長園科,櫃,電子零組件業,1.09,33.2,28.1,-8.48,-10.8,3.21,,453,58.7,-25,0,58.7,0.57,6.76,-2.45
8040,九暘,櫃,半導體業,1.04,55.1,28.2,-1.42,-5.91,-0.85,,7.74,4.99,-2,0,35,1.45,43.5,-0.79
8042,金山電,櫃,電子零組件業,1.28,50.4,55.5,2.33,2.19,0.08,125,7.58,57.3,5,3.86,52,4.92,56,0.2
8043,蜜望實,櫃,電子零組件業,1.44,25.5,36.3,3.25,3.05,-1.4,,5.04,35.8,24,2.5,52.1,1.57,31.8,-1.62
8044,網家,櫃,數位雲端,0.97,65,27.2,-3.61,-4.66,-2.38,,-2.66,60.6,-3,0,48.7,7.57,44.8,-0.43
8047,星雲,櫃,其他電子業,1.06,7.33,36.4,-7.77,-7.13,-1.1,,-7.3,17.9,-3,0,56.4,2.14,23.7,0.18
8048,德勝,櫃,通信網路業,0.55,25.4,44.2,15.1,15,0.43,25.9,-8.68,26.1,20,5,26.4,1.39,22.6,2.19
8049,晶采,櫃,光電業,0.59,31,27.5,18.1,16.6,1.71,16.3,-0.73,20.3,12,7.62,20.5,2.98,22.7,3.82
8050,廣積,櫃,電腦及週邊設備業,1.06,105,25.6,10.5,8.5,-2.22,25.9,16.9,36.1,23,6.21,32,4.89,31.7,-1.3
8054,安國,櫃,半導體業,1.42,108,25.8,-3.27,-5.06,-2.51,,18.1,35.7,-1,0,54.9,6.04,13.8,-8.99
8059,凱碩,櫃,通信網路業,1.12,54.9,27.2,-6.36,-9.97,-20.1,,"1,667",83.8,-8,0,61.7,1.68,67.2,2.81
8064,東捷,櫃,光電業,1.41,71.9,27.4,7.63,6.56,-0.69,,-11.9,46.3,7,1.38,48.4,2.58,25.9,3.36
8066,來思達,櫃,居家生活,0.58,6.37,28.8,7.12,5.6,-6.51,,-5.12,56,-1,0,24,3.55,16.8,2.58
8067,志旭,櫃,電子通路業,0.64,2.52,36.5,-10.2,-9.67,-7.03,,5.34,64.7,-20,0,40.9,8.42,26.3,-0.73
8068,全達,櫃,電子通路業,1.22,17.9,28.3,4.13,7.4,8.8,10.4,1.77,28.5,-21,0,43.8,7.27,57,-2.91
8069,元太,櫃,光電業,1.12,"2,755",33.3,19.4,18,5.15,25.7,33.6,39.7,10,2.08,45.3,43.1,27.1,6.09
8071,能率網通,櫃,電子零組件業,1.23,11.4,32.2,-0.22,-1.87,-3.62,,-1.41,62.7,-2,0,45.9,3.32,28.8,0.46
8074,鉅橡,櫃,電子零組件業,1.02,23.9,29.6,10.4,8.18,0.68,32.5,3.88,53.5,17,3.38,46.8,3.3,21.3,-5.1
8076,伍豐,櫃,電腦及週邊設備業,0.96,73.9,30.7,6.66,6.97,2.05,,-20.9,36.4,14,4.35,31.1,5.34,1.47,1.25
8077,洛碁,櫃,觀光餐旅,0.41,9.68,31.2,-5.32,9.06,5.37,9.15,0.1,85,1,4.54,43.1,51.2,20.7,22.5
8080,泰霖,櫃,建材營造業,0.37,18.3,31.8,55.8,11.8,1.87,112,43.9,19.2,-11,0,42.6,0.05,71.7,-1.01
8083,瑞穎,櫃,電機機械,0.52,52.9,27.9,26.6,26.8,8.47,17.9,-9.4,44.8,24,6.64,18.8,1.91,26.3,7.76
8084,巨虹,櫃,電子通路業,0.96,29.8,31.8,16.5,16.3,-5.12,37,5.43,52.7,-19,0,42.3,1.16,7.26,-0.6
8085,福華,櫃,其他電子業,1.25,28.1,55.1,-1.53,-4.51,-4.16,,5.23,51.8,-2,0,48,4.66,31,-2.3
8086,宏捷科,櫃,半導體業,1.38,215,26.7,2.7,3.81,1.28,77.1,-26.7,21.8,2,1.09,46.9,6.1,34.4,5.71
8087,麗升能源,櫃,綠能環保,0.64,12.9,28.1,16.6,13.4,-2.85,,-72.3,58.4,2,3.03,37,2.68,22.4,-3.96
8088,品安,櫃,半導體業,1.09,23.4,31.6,11.5,8.32,-1.74,113,34.9,10.9,14,1.3,57.6,3.36,1.63,-2.1
8089,康全電訊,櫃,通信網路業,0.98,23.8,35.5,3.5,10.4,-7.19,9.6,-76.7,31,1,3.47,56,2.4,36.8,10.1
8091,翔名,櫃,半導體業,1.05,61.2,33.7,12.1,11.2,1.13,21.7,2.99,27.6,24,6.9,35.8,8.59,27.5,4.83
8092,建暐,櫃,其他電子業,0.82,9.06,41.3,-1.13,-2.67,-0.85,,-0.23,40.3,-18,0,43.7,1.37,21.5,-1.99
8093,保銳,櫃,電子零組件業,0.8,9.39,35.5,-27.3,-40.2,-5.23,,-24.9,31.8,-15,0,43.7,0,31.5,0.03
8096,擎亞,櫃,電子通路業,1.35,63.8,27.8,0.27,3.68,-2.86,15.7,31.2,68.3,1,1.17,60,21.4,2.25,-2.36
8097,常珵,櫃,通信網路業,0.54,45,39.3,10.3,3.8,-4.48,,56.8,13.8,-2,0,41.1,3.73,17.5,-2.11
8099,大世科,櫃,資訊服務業,0.78,73.9,25.4,13.1,13.3,2.75,38.5,32,47.7,25,0.96,38.2,2.99,68.3,5.22
8107,大億金茂,櫃,電機機械,0.99,12,27.7,2.3,3.42,-2.5,199,10.2,51.6,1,6.27,44.2,2.96,49,4.15
8109,博大,櫃,電子零組件業,0.41,82.2,33.3,23.6,21.4,2.86,18.6,6.67,19.2,22,4.5,25.6,1.73,11.7,9.69
8111,立碁,櫃,光電業,1.47,59.1,36.2,6.28,6.22,-4.56,452,8.45,39.7,7,1.66,64.6,17,10.6,0.71
8121,越峰,櫃,電子零組件業,1.27,63.2,34,-1.31,-0.62,-2.47,,-8.71,52.3,-13,0,51.4,0.93,49.2,-0.95
8147,正淩,櫃,電子零組件業,1.24,47.2,38.9,10.6,8.85,3.62,43.1,28.2,38.1,5,1.72,48.3,12.2,26.2,-5.74
8155,博智,櫃,電子零組件業,1.48,82,30.4,15.5,12.9,-0.38,48.2,37.6,52.1,14,2.59,53.2,5.1,41.5,-1.44
8171,天宇,櫃,綠能環保,0.87,31.9,42,1.17,-2.31,-11.6,,-77,25.4,-2,0,42.3,1.65,15.1,-3.55
8176,智捷,櫃,通信網路業,0.97,7.42,30.5,-1.68,1.17,-1.14,15,-0.6,22.8,-5,0,48,1.57,21.3,2.28
8182,加高,櫃,電子零組件業,0.85,28.2,48.8,6.11,6,-2.48,33.7,-3.77,40,21,7.6,25.8,51.5,8.89,0.31
8183,精星,櫃,其他電子業,1.17,36.9,34.8,17.8,15.6,-0.57,15.1,8.87,54.2,9,4.27,41.6,2.56,36.5,-2.39
8227,巨有科技,櫃,半導體業,1.44,64.3,34.1,14.1,12.6,-0.21,183,69,37.9,3,0.98,55.1,0.69,10.4,-1.7
8234,新漢,櫃,電腦及週邊設備業,1.37,125,32.8,12.1,7.45,-0.87,81.9,18.7,47.2,20,0.68,58.3,9,26.6,1.2
8240,華宏,櫃,光電業,1.14,38.7,52.1,6.23,6.26,0.62,13.4,0.87,37.1,7,4.13,51.1,7.83,45,5.49
8255,朋程,櫃,電機機械,1.16,150,26.8,8.69,8.62,0.08,22.3,10.6,41.3,21,2.85,41,9.1,31.4,-2.5
8272,全景軟體,櫃,資訊服務業,,17.4,27.4,19.9,18,4.26,21.4,22.1,30.6,2,2.61,,0.59,23.8,-3.34
8277,商丞,櫃,半導體業,1.08,11.7,31.3,-14.2,-15,-1.98,,0.2,25.6,-11,0,46.7,0.49,11.8,-0.01
8279,生展,櫃,生技醫療業,0.52,33.9,26.4,13.8,12.8,3.97,12.1,6.3,28.1,10,4,31.9,4.97,54.1,11.5
8284,三竹,櫃,資訊服務業,0.49,29.8,34.3,20.2,19.4,-0.88,15.6,5,41.4,8,6.21,20.8,0.9,21.5,0.9
8289,泰藝,櫃,電子零組件業,0.91,14.1,25.5,9.69,6.3,-2.04,,17,38.4,5,1.46,33,1.11,11.9,-5.31
8299,群聯,櫃,半導體業,1.1,"1,492",24.9,13.6,14.1,1.54,30,3.38,30.5,23,0.9,44.1,35.1,4.06,31.5
8342,益張,櫃,其他業,0.37,28.5,38.4,22.9,22.9,2.39,14.2,-1.08,42.8,17,5.88,20.8,0.22,68,5.28
8349,恒耀,櫃,鋼鐵工業,0.65,98.7,40.4,9.62,9.47,-0.1,18,-13.9,64.7,15,4.23,24.8,1.31,51.5,-5.69
8349A,恒耀甲特,櫃,鋼鐵工業,0.2,4.62,,,,,,,,5,4.12,7.76,,,
8354,冠好,櫃,其他業,0.37,11.3,33.2,4.4,4.71,-4.71,,-1.04,51.6,15,4.17,19.9,1.32,13.3,5.48
8358,金居,櫃,電子零組件業,1.37,582,27.3,13.1,12.9,2.5,68.6,11.2,22.6,8,0.65,57.1,6.41,11.8,0.88
8383,千附,櫃,半導體業,0.93,48.4,43.4,9.47,9.76,1.1,14.9,18.8,29.8,22,5.88,35.7,12.5,26.4,-2.05
8390,金益鼎,櫃,綠能環保,0.66,63.8,28.4,15.2,15.7,4.42,13.5,-5.43,24.6,18,3.77,37.7,1.63,21.7,6.34
8401,白紗科,櫃,其他業,0.51,20.3,25.5,13.4,14,4.33,10.8,-0.56,24.6,11,5.22,22.9,1.96,7.85,1.54
8403,盛弘,櫃,生技醫療業,0.55,34.3,21.9,3.52,3,0.34,20,0.99,42.1,5,2,17.5,1.81,31.3,2.99
8409,商之器,櫃,生技醫療業,0.62,7.22,37.7,-0.84,-0.93,-7.23,66.3,-0.04,40.4,-13,0,31.5,0.07,22.1,1.38
8410,森田,櫃,電腦及週邊設備業,0.2,15.6,53,9.83,12.2,-2.42,12.9,-0.21,22.5,16,7.03,31.8,0.53,45.1,2.08
8415,大國鋼,櫃,鋼鐵工業,0.42,348,18.2,13.3,11.3,1.59,14.3,1.2,40.5,12,4.45,25.4,12.4,70.2,3.06
8416,實威,櫃,資訊服務業,0.68,48.9,20.2,21.7,21.3,4.71,15.1,10.4,26.7,16,4.61,25.4,0.8,41,11.9
8421,旭源,櫃,其他業,0.66,6.93,20.9,21.6,10.5,-3.92,,-4.18,60.3,-2,0,33.7,1.91,27,0.98
8423,保綠-KY,櫃,綠能環保,0.51,7.47,15.9,6.57,5.71,0.86,40.7,1.1,35.8,14,3.35,20.8,25,11.5,-1.04
8424,惠普,櫃,建材營造業,0.25,26.5,43.8,15.3,15,4.59,14.5,7.07,20.6,16,5.99,13.9,0.44,56.7,5.49
8426,紅木-KY,櫃,其他業,0.81,14.5,15.1,20.4,23.2,-3.19,10.5,2.96,55.4,2,0,37.8,67.3,1.2,3.29
8431,匯鑽科,櫃,其他電子業,0.82,20,17,3.78,3.97,-1.23,73.7,12.9,31.9,5,0.22,41.5,4.71,29.7,0.59
8432,東生華,櫃,生技醫療業,0.62,20.1,15.1,6.76,7.35,1.96,17.6,22.3,14.8,15,4.05,25.2,2.04,60.3,5.06
8433,弘帆,櫃,居家生活,0.68,29.7,40.5,25,23.7,-7.36,17.1,-7.99,57.4,15,11.9,26.9,1.16,39.7,-3.06
8435,鉅邁,櫃,其他業,0.32,18.6,48.1,17.7,18,2.38,17,-12.9,22.5,16,7.67,19,1.05,23.5,1.08
8436,大江,櫃,生技醫療業,0.57,137,45.1,9.44,9.73,3.37,15.6,-3.01,40.4,15,8.58,32.9,15.3,29.2,9.87
8437,大地-KY,櫃,其他業,0.83,8.58,17.3,2.88,1.8,-0.4,38,-28.2,19.1,12,5.58,37.7,23.6,3.16,3.25
8440,綠電,櫃,綠能環保,0.96,13.6,27.1,6,5.51,0.1,151,2.62,14.7,13,0.62,35.5,3.21,37.6,0.77
8444,綠河-KY,櫃,其他業,0.93,15.6,14.7,-52.5,-57.8,24.8,,-30.6,89.7,-3,0,45.9,57.6,9.63,-4
8446,華研,櫃,文化創意業,0.51,52.5,26.4,25.1,27,8.11,8.44,-26.6,29.8,13,8.06,24.2,6.22,17.3,14.8
8450,霹靂,櫃,文化創意業,0.65,8.85,29.2,-14.4,-14.3,-12.9,,-15.4,55.5,-6,0,30.9,0.25,32.4,0.34
8455,大拓-KY,櫃,其他電子業,0.76,5.4,11.7,-4.31,-5.2,0.78,,-4.98,53.9,-2,0,47,87.8,0,0.92
8472,夠麻吉,櫃,數位雲端,0.62,13.6,15.2,-18.5,-19.5,-2.39,,38.6,74.3,-3,0,56,2.78,59.8,1.37
8477,創業家,櫃,數位雲端,0.6,8.15,13.4,-38.6,-40,1.69,,-51.7,24.3,-4,0,40.1,0.18,73.9,-5.63
8489,三貝德,櫃,其他業,0.75,16.7,18.9,-0.29,-0.26,-1.38,,-5.1,58.3,-3,0,45,6.63,15.8,1.7
8905,裕國,櫃,其他業,0.28,37.3,35.3,7.04,7.14,0.7,35.5,-0.91,23.3,23,3.21,20,0.4,71.4,-1.68
8906,花王,櫃,其他業,0.81,15.4,57.1,-3.49,-3.68,-1.09,,-9.74,81.2,1,0.29,43.5,1.06,30.9,-16.8
8908,欣雄,櫃,油電燃氣業,0.28,130,39.4,14.5,14.2,4.33,18.6,48.7,59.2,12,3.15,17.4,0.19,52.8,0.45
8916,光隆,櫃,其他業,0.46,75.4,59.6,12.7,11.5,1.96,20.6,-0.42,50.9,19,7.21,16.9,3.44,48.6,1.9
8917,欣泰,櫃,油電燃氣業,0.27,99.1,39.7,14.4,14.3,3.82,28.6,18,57.7,26,3.61,17.5,1.36,20.4,2.12
8921,沈氏,櫃,其他業,0.43,8.06,47.8,-0.05,-0.52,-0.45,,-0.33,23.3,25,1.27,47.7,0.19,59.6,-3.24
8923,時報,櫃,文化創意業,0.18,5.8,39.9,6.64,6.41,0.34,18.9,8.66,49.4,27,4.45,30,4.23,61.1,1.85
8924,大田,櫃,運動休閒,0.79,56.9,37.2,21.7,16.4,3.65,14.3,-16.5,29.3,8,6.33,28.9,4.44,21.9,3.04
8927,北基,櫃,油電燃氣業,0.37,156,36.8,5.8,7.64,0.28,171,-31.2,74.5,8,0.83,32.6,1.39,50.2,-10.8
8928,鉅明,櫃,運動休閒,0.63,12.9,52.2,12.2,10,-7.93,39.5,6.29,66.2,11,6.72,22.8,0.46,37.1,1.17
8929,富堡,櫃,其他業,0.8,9,48.1,-2.08,0.41,-2.19,,-11.4,33.3,-4,0,47.4,0.88,26.2,1.85
8930,青鋼,櫃,鋼鐵工業,0.73,25.5,43.1,16,16.4,1.79,13.4,-5.59,32.5,9,8.97,26.2,2.9,31,3.04
8931,大汽電,櫃,油電燃氣業,0.47,65.8,32.1,14.6,14,4.15,19.4,2.19,60.5,23,3.72,17.8,0.21,73.7,0.09
8932,智通*,櫃,其他業,0.9,380,47.6,11.8,18.3,8.83,72.3,67.8,27.6,2,0.13,44.1,27.6,25.4,2.63
8933,愛地雅,櫃,運動休閒,0.79,19.9,45,-2.79,-7.26,-8.13,,0.4,52.4,-8,0,31.9,0.8,30.5,0.22
8935,邦泰,櫃,其他業,0.58,30.4,42.7,-4.28,-6.52,-1.84,,-2.65,38.6,-27,0,57.4,0.55,25,-0.22
8936,國統,櫃,其他業,0.72,130,47.2,10.7,11.2,2.93,15.3,12.5,41.1,7,3.82,32.6,7.25,11.4,-0.77
8937,合騏,櫃,其他業,0.79,168,49.9,2.99,3.21,-9.01,,-50.7,26.7,1,0.06,61.8,0.26,44.5,-4.86
8938,明安,櫃,運動休閒,0.82,95.3,38.2,16.2,12.8,-4.44,14.5,9.2,44.4,24,6.74,26.5,7.13,39,-3.79
8941,關中,櫃,居家生活,0.5,15.8,49.5,19.9,18.7,-4.17,17.4,-4.99,52.9,11,0,24.1,1.81,66,7.08
8942,森鉅,櫃,其他業,0.71,78,31,13.2,12.4,-1.24,14,4.71,28.9,25,3.82,24.4,13.7,11.3,1.29
9949,琉園,櫃,文化創意業,0.36,8.7,31.5,-10.4,-11.5,-12.4,,-19.5,62.9,-10,0,34.9,2.14,23.3,2.84
9950,萬國通,櫃,塑膠工業,0.79,17.3,46.4,21.7,35.1,-5.1,,-16.5,65.8,-9,0,32.4,0.05,24.8,1.79
9951,皇田,櫃,電機機械,0.79,44,42.2,11.2,10.6,0.71,14.3,16.8,39,16,3.94,29.2,4.87,27.5,4.82
9960,邁達康,櫃,運動休閒,0.52,7.17,25.6,15.2,13.4,0.19,14,-6.34,42.5,7,7.96,20.1,8.84,32.8,4.75
9962,有益,櫃,鋼鐵工業,0.72,10,29.6,11.2,9.03,-2.35,79.3,-18.7,31.2,4,4.5,28.5,0.36,19.7,1.09
